Country,Price,Size,Marketplace,Reference,Moy_prix_by_size,Address
Ariana,165.0,100.0,Tunisie-annonce TN,2831585,1.65,"Tunisie,Ariana,Ariana Ville,El Menzah 6"
Ariana,950.0,140.0,Tunisie-annonce TN,2815556,6.785714285714286,"Tunisie,Ariana,Ariana Ville,Cite Ennasr 2"
Tunis,140.0,80.0,Tunisie-annonce TN,2777893,1.75,"Tunisie,Tunis,El Omrane Superieur,El Omrane Superieur"
Ariana,500.0,110.0,Tunisie-annonce TN,2831583,4.545454545454546,"Tunisie,Ariana,La Soukra,Chotrana 3"
Ariana,10000.0,700.0,Tunisie-annonce TN,2791959,14.285714285714286,"Tunisie,Ariana,Mnihla,Jardins d'el Menzah"
Sfax,1500.0,4600.0,Tunisie-annonce TN,2782757,0.32608695652173914,"Tunisie,Sfax,Sfax Sud,El Khazzanette"
Ariana,380.0,50.0,Tunisie-annonce TN,2820177,7.6,"Tunisie,Ariana,La Soukra,La Soukra"
Bizerte,650.0,100.0,Tunisie-annonce TN,2791201,6.5,"Tunisie,Bizerte,Bizerte Nord,Bizerte"
Bizerte,700.0,50.0,Tunisie-annonce TN,2825412,14.0,"Tunisie,Bizerte,Bizerte Nord,Bizerte"
Bardo,660.0,125.0,Tunisie-annonce TN,2828154,5.28,"Tunisie,Tunis,Le Bardo,Khaznadar"
Ben arous,450.0,150.0,Tunisie-annonce TN,2823277,3.0,"Tunisie,Ben arous,Bou Mhel El Bassatine,Bou Mhel"
Mannouba,600.0,350.0,Tunisie-annonce TN,2831524,1.7142857142857142,"Tunisie,Manouba,Mannouba,La Mannouba"
Ben arous,500.0,100.0,Tunisie-annonce TN,2817196,5.0,"Tunisie,Ben arous,Bou Mhel El Bassatine,Bou Mhel"
Sfax,290.0,45.0,Tunisie-annonce TN,2784642,6.444444444444445,"Tunisie,Sfax,Sakiet Ezzit,Sakiet Ezzit"
Ariana,350.0,80.0,Tunisie-annonce TN,2599415,4.375,"Tunisie,Ariana,La Soukra,Borj Louzir"
Ariana,100.0,85.0,Tunisie-annonce TN,2496712,1.1764705882352942,"Tunisie,Ariana,Ariana Ville,Cite Ennasr 2"
Ariana,99.0,90.0,Tunisie-annonce TN,2493417,1.1,"Tunisie,Ariana,Ariana Ville,Cite Ennasr 1"
Ben arous,550.0,200.0,Tunisie-annonce TN,2831501,2.75,"Tunisie,Ben arous,El Mourouj,Cite El Mourouj 3 Bis"
Ariana,900.0,110.0,Tunisie-annonce TN,2774915,8.181818181818182,"Tunisie,Ariana,La Soukra,Dar Fadhal"
Ariana,280.0,12.0,Tunisie-annonce TN,2770893,23.333333333333332,"Tunisie,Ariana,Ariana Ville,Ariana"
Ben arous,410.0,80.0,Tunisie-annonce TN,2826444,5.125,"Tunisie,Ben arous,Bou Mhel El Bassatine,Cite Bou Mhel"
Ariana,480.0,90.0,Tunisie-annonce TN,2831499,5.333333333333333,"Tunisie,Ariana,La Soukra,Borj Louzir"
Nabeul,850.0,150.0,Tunisie-annonce TN,2810862,5.666666666666667,"Tunisie,Nabeul,Kelibia,Kelibia"
Nabeul,900.0,160.0,Tunisie-annonce TN,2813184,5.625,"Tunisie,Nabeul,Kelibia,Kelibia"
Ben arous,300.0,65.0,Tunisie-annonce TN,2828094,4.615384615384615,"Tunisie,Ben arous,Hammam Chatt,Borj Cedria"
Nabeul,850.0,150.0,Tunisie-annonce TN,2813205,5.666666666666667,"Tunisie,Nabeul,Kelibia,Kelibia"
Ariana,900.0,140.0,Tunisie-annonce TN,2827061,6.428571428571429,"Tunisie,Ariana,Ariana Ville,Cite Ennasr 2"
Mannouba,950.0,210.0,Tunisie-annonce TN,2614985,4.523809523809524,"Tunisie,Manouba,Mannouba,La Mannouba"
Ariana,1250.0,200.0,Tunisie-annonce TN,2772756,6.25,"Tunisie,Ariana,Ariana Ville,Cite Ennasr 2"
Nabeul,450.0,40.0,Tunisie-annonce TN,2821815,11.25,"Tunisie,Nabeul,Hammamet,Hammamet"
Bardo,320.0,30.0,Tunisie-annonce TN,2811607,10.666666666666666,"Tunisie,Tunis,Le Bardo,Bouchoucha"
Ariana,165.0,100.0,Tunisie-annonce TN,2831467,1.65,"Tunisie,Ariana,Ariana Ville,El Menzah 7"
Tunis,750.0,75.0,Tunisie-annonce TN,2830273,10.0,"Tunisie,Tunis,Ain Zaghouan,Ain Zaghouan"
Nabeul,100.0,150.0,Tunisie-annonce TN,2786848,0.6666666666666666,"Tunisie,Nabeul,Kelibia,Kelibia"
Nabeul,120.0,120.0,Tunisie-annonce TN,2828999,1.0,"Tunisie,Nabeul,El Haouaria,Cite Touristique"
Jendouba,120.0,55.0,Tunisie-annonce TN,2831434,2.1818181818181817,"Tunisie,Jendouba,Tabarka,Tabarka"
Ariana,850.0,105.0,Tunisie-annonce TN,2826983,8.095238095238095,"Tunisie,Ariana,Ariana Ville,Cite Ennasr 2"
Ariana,380.0,100.0,Tunisie-annonce TN,2828963,3.8,"Tunisie,Ariana,La Soukra,Cite Farhat"
Ben arous,270.0,34.0,Tunisie-annonce TN,2820726,7.9411764705882355,"Tunisie,Ben arous,Hammam Lif,Hammam Lif"
Ariana,1000.0,140.0,Tunisie-annonce TN,2826965,7.142857142857143,"Tunisie,Ariana,Ariana Ville,El Menzah 5"
Ariana,480.0,100.0,Tunisie-annonce TN,2818105,4.8,"Tunisie,Ariana,La Soukra,La Soukra"
Monastir,300.0,50.0,Tunisie-annonce TN,2823610,6.0,"Tunisie,Monastir,Monastir,Zone Skanes"
Nabeul,700.0,90.0,Tunisie-annonce TN,2831403,7.777777777777778,"Tunisie,Nabeul,Hammam El Ghezaz,Hammam El Ghezaz"
Ben arous,110.0,90.0,Tunisie-annonce TN,2570420,1.2222222222222223,"Tunisie,Ben arous,Rades,Rades"
Ariana,1200.0,210.0,Tunisie-annonce TN,2766529,5.714285714285714,"Tunisie,Tunis,El Menzah,El Menzah 9"
Ben arous,850.0,180.0,Tunisie-annonce TN,2783593,4.722222222222222,"Tunisie,Ben arous,Hammam Chatt,Hammam Chatt"
Nabeul,850.0,120.0,Tunisie-annonce TN,2831396,7.083333333333333,"Tunisie,Nabeul,Hammam El Ghezaz,Hammam El Ghezaz"
Gabes,200.0,65.0,Tunisie-annonce TN,2669344,3.076923076923077,"Tunisie,Gabes,Gabes Sud,Zrig"
Tunis,700.0,100.0,Tunisie-annonce TN,2823367,7.0,"Tunisie,Tunis,Bab Bhar,Bab Bhar"
Gabes,250.0,70.0,Tunisie-annonce TN,2587771,3.5714285714285716,"Tunisie,Gabes,Gabes Sud,Zrig"
Nabeul,880.0,250.0,Tunisie-annonce TN,2807996,3.52,"Tunisie,Nabeul,Kelibia,Kelibia"
Nabeul,880.0,250.0,Tunisie-annonce TN,2782598,3.52,"Tunisie,Nabeul,Kelibia,Kelibia"
Nabeul,880.0,250.0,Tunisie-annonce TN,2819761,3.52,"Tunisie,Nabeul,Kelibia,Kelibia"
Ariana,1200.0,150.0,Tunisie-annonce TN,2745848,8.0,"Tunisie,Tunis,El Menzah,El Menzah 9"
Ariana,480.0,100.0,Tunisie-annonce TN,2831378,4.8,"Tunisie,Ariana,Raoued,Cite El Ghazala 2"
Sousse,100.0,50.0,Tunisie-annonce TN,2824425,2.0,"Tunisie,Sousse,Sousse Ville,Sousse Corniche"
Nabeul,1200.0,56.0,Tunisie-annonce TN,2815658,21.428571428571427,"Tunisie,Nabeul,Hammamet,Cite El Yasmine"
Tunis,580.0,50.0,Tunisie-annonce TN,2831341,11.6,"Tunisie,Tunis,Ain Zaghouan,Ain Zaghouan"
Nabeul,150.0,120.0,Tunisie-annonce TN,2813894,1.25,"Tunisie,Nabeul,Hammamet,Hammamet"
Nabeul,500.0,70.0,Tunisie-annonce TN,2390077,7.142857142857143,"Tunisie,Nabeul,Hammamet,Hammamet"
Cite el khadra,100.0,100.0,Tunisie-annonce TN,2831340,1.0,"Tunisie,Tunis,Cite El Khadra,Cite El Khadra"
Sousse,1500.0,240.0,Tunisie-annonce TN,2831336,6.25,"Tunisie,Sousse,Sousse Jaouhara,Sahloul"
Ariana,900.0,120.0,Tunisie-annonce TN,2788855,7.5,"Tunisie,Ariana,Ariana Ville,El Menzah 7"
Banlieue Nord,700.0,120.0,Tunisie-annonce TN,2800494,5.833333333333333,"Tunisie,Tunis,La Marsa,Cite Des Mimosas"
Ariana,105.0,55.0,Tunisie-annonce TN,2800822,1.9090909090909092,"Tunisie,Ariana,Raoued,Cite Ennkhilet"
Nabeul,700.0,110.0,Tunisie-annonce TN,2822719,6.363636363636363,"Tunisie,Nabeul,El Haouaria,Cite Touristique"
Sfax,570.0,87.0,Tunisie-annonce TN,2831304,6.551724137931035,"Tunisie,Sfax,Sfax Sud,Sidi Abbes"
Bardo,550.0,78.0,Tunisie-annonce TN,2831302,7.051282051282051,"Tunisie,Tunis,Le Bardo,Le Bardo"
Banlieue Nord,5000.0,250.0,Tunisie-annonce TN,2818964,20.0,"Tunisie,Tunis,La Marsa,Gammart"
Banlieue Nord,850.0,190.0,Tunisie-annonce TN,2805823,4.473684210526316,"Tunisie,Tunis,La Marsa,Cite Bhar Lazreg"
Ariana,1500.0,138.0,Tunisie-annonce TN,2770145,10.869565217391305,"Tunisie,Tunis,El Menzah,El Menzah 9"
Sousse,1200.0,80.0,Tunisie-annonce TN,2826499,15.0,"Tunisie,Sousse,Sousse Ville,Sousse Corniche"
Ariana,900.0,146.0,Tunisie-annonce TN,2600439,6.164383561643835,"Tunisie,Ariana,La Soukra,La Soukra"
Tunis,300.0,34.0,Tunisie-annonce TN,2785686,8.823529411764707,"Tunisie,Tunis,El Omrane Superieur,Cite Ibn Khaldoun I"
Banlieue Nord,750.0,100.0,Tunisie-annonce TN,2831267,7.5,"Tunisie,Tunis,La Marsa,Gammart"
Ariana,1500.0,140.0,Tunisie-annonce TN,2770148,10.714285714285714,"Tunisie,Ariana,Ariana Ville,El Menzah 7"
Mahdia,130.0,100.0,Tunisie-annonce TN,2831247,1.3,"Tunisie,Mahdia,Mahdia,Mahdia"
Ariana,3500.0,500.0,Tunisie-annonce TN,2738493,7.0,"Tunisie,Tunis,El Menzah,El Menzah 9"
Ariana,900.0,80.0,Tunisie-annonce TN,2822025,11.25,"Tunisie,Tunis,El Menzah,El Manar 2"
Ben arous,600.0,160.0,Tunisie-annonce TN,2831223,3.75,"Tunisie,Ben arous,El Mourouj,El Mourouj"
Ben arous,600.0,98.0,Tunisie-annonce TN,2820808,6.122448979591836,"Tunisie,Ben arous,Bou Mhel El Bassatine,Bou Mhel"
Cite el khadra,25000.0,5000.0,Tunisie-annonce TN,2583043,5.0,"Tunisie,Tunis,Cite El Khadra,El Charguia"
Ben arous,10800.0,1300.0,Tunisie-annonce TN,2586716,8.307692307692308,"Tunisie,Ben arous,El Mourouj,Bir El Kassaa"
Ariana,550.0,85.0,Tunisie-annonce TN,2831162,6.470588235294118,"Tunisie,Ariana,La Soukra,Dar Fadhal"
Ben arous,650.0,100.0,Tunisie-annonce TN,2831155,6.5,"Tunisie,Ben arous,El Mourouj,El Mourouj"
Ben arous,800.0,138.0,Tunisie-annonce TN,2730352,5.797101449275362,"Tunisie,Ben arous,Bou Mhel El Bassatine,Bou Mhel"
Ben arous,800.0,138.0,Tunisie-annonce TN,2818604,5.797101449275362,"Tunisie,Ben arous,Bou Mhel El Bassatine,Bou Mhel"
Banlieue Nord,4000.0,250.0,Tunisie-annonce TN,2813805,16.0,"Tunisie,Tunis,Ain Zaghouan,Jardins de Carthage"
Ariana,3000.0,250.0,Tunisie-annonce TN,2753644,12.0,"Tunisie,Tunis,El Menzah,Mutuelle Ville"
Ariana,850.0,160.0,Tunisie-annonce TN,2819912,5.3125,"Tunisie,Ariana,Ariana Ville,El Menzah 8"
Jendouba,100.0,50.0,Tunisie-annonce TN,2050720,2.0,"Tunisie,Jendouba,Tabarka,Cite Eddachra"
Jendouba,1500.0,160.0,Tunisie-annonce TN,2474926,9.375,"Tunisie,Jendouba,Tabarka,Cite Eddachra"
Bizerte,600.0,100.0,Tunisie-annonce TN,2634908,6.0,"Tunisie,Bizerte,Bizerte Nord,Bizerte"
Ariana,750.0,90.0,Tunisie-annonce TN,2831135,8.333333333333334,"Tunisie,Ariana,Ariana Ville,Ariana"
Ariana,800.0,95.0,Tunisie-annonce TN,2831133,8.421052631578947,"Tunisie,Ariana,Ariana Ville,Cite Ennasr 1"
Ariana,900.0,168.0,Tunisie-annonce TN,2816183,5.357142857142857,"Tunisie,Ariana,Ariana Ville,Cite Ennasr 2"
Banlieue Nord,2000.0,180.0,Tunisie-annonce TN,2771511,11.11111111111111,"Tunisie,Tunis,Carthage,Sidi Bousaid"
Ariana,1000.0,245.0,Tunisie-annonce TN,2831132,4.081632653061225,"Tunisie,Ariana,Ariana Ville,Riadh Landlous"
Ben arous,600.0,128.0,Tunisie-annonce TN,2831015,4.6875,"Tunisie,Ben arous,Ezzahra,Ezzahra"
Ariana,850.0,157.0,Tunisie-annonce TN,2831129,5.414012738853503,"Tunisie,Ariana,Ariana Ville,Ariana"
Ariana,1300.0,150.0,Tunisie-annonce TN,2822346,8.666666666666666,"Tunisie,Ariana,La Soukra,La Soukra"
Ariana,700.0,120.0,Tunisie-annonce TN,2830106,5.833333333333333,"Tunisie,Ariana,Ariana Ville,Cite Ennasr 2"
Ariana,1500.0,150.0,Tunisie-annonce TN,2827716,10.0,"Tunisie,Ariana,La Soukra,La Soukra"
Ariana,850.0,125.0,Tunisie-annonce TN,2831120,6.8,"Tunisie,Ariana,Ariana Ville,El Menzah 7"
Jendouba,490.0,40.0,Tunisie-annonce TN,2831154,12.25,"Tunisie,Jendouba,Tabarka,Tabarka"
Banlieue Nord,2000.0,250.0,Tunisie-annonce TN,2773826,8.0,"Tunisie,Tunis,La Marsa,Gammart"
Banlieue Nord,2400.0,63.0,Tunisie-annonce TN,2805138,38.095238095238095,"Tunisie,Tunis,La Marsa,Berge Du Lac"
Banlieue Nord,2500.0,450.0,Tunisie-annonce TN,2561411,5.555555555555555,"Tunisie,Tunis,La Marsa,Marsa Erriadh"
Banlieue Nord,6000.0,900.0,Tunisie-annonce TN,2826848,6.666666666666667,"Tunisie,Tunis,Carthage,Carthage"
Banlieue Nord,1800.0,400.0,Tunisie-annonce TN,2787527,4.5,"Tunisie,Tunis,La Marsa,Cite Du Stade"
Banlieue Nord,3000.0,400.0,Tunisie-annonce TN,2809010,7.5,"Tunisie,Tunis,La Marsa,Sidi Daoud"
Sousse,1700.0,40.0,Tunisie-annonce TN,2549656,42.5,"Tunisie,Sousse,Sousse Jaouhara,Khezama Ouest"
Banlieue Nord,950.0,80.0,Tunisie-annonce TN,2804147,11.875,"Tunisie,Tunis,Ain Zaghouan,Jardins de Carthage"
Banlieue Nord,3000.0,200.0,Tunisie-annonce TN,2794597,15.0,"Tunisie,Tunis,La Marsa,Marsa Safsaf"
Banlieue Nord,2000.0,130.0,Tunisie-annonce TN,2809973,15.384615384615385,"Tunisie,Tunis,La Marsa,Marsa Safsaf"
Banlieue Nord,3800.0,400.0,Tunisie-annonce TN,2642365,9.5,"Tunisie,Tunis,La Marsa,Gammart"
Ariana,850.0,74.0,Tunisie-annonce TN,2820622,11.486486486486486,"Tunisie,Ariana,Ariana Ville,Ariana"
Ariana,580.0,110.0,Tunisie-annonce TN,2831143,5.2727272727272725,"Tunisie,Ariana,Mnihla,Jardins d'el Menzah"
Ben arous,750.0,138.0,Tunisie-annonce TN,2813468,5.434782608695652,"Tunisie,Ben arous,Ezzahra,Ezzahra"
Ben arous,16700.0,2000.0,Tunisie-annonce TN,2586719,8.35,"Tunisie,Ben arous,El Mourouj,Bir El Kassaa"
Bardo,270.0,45.0,Tunisie-annonce TN,2809941,6.0,"Tunisie,Beja,Beja Nord,Cite Ksar Bardo"
Bardo,220.0,45.0,Tunisie-annonce TN,2417520,4.888888888888889,"Tunisie,Beja,Beja Nord,Cite Ksar Bardo"
Bizerte,100.0,100.0,Tunisie-annonce TN,2831190,1.0,"Tunisie,Bizerte,Ras Jebel,Rafraf Plage"
Nabeul,120.0,66.0,Tunisie-annonce TN,2569805,1.8181818181818181,"Tunisie,Nabeul,Hammamet,Hammamet"
Banlieue Nord,700.0,120.0,Tunisie-annonce TN,2831181,5.833333333333333,"Tunisie,Tunis,La Marsa,El Aouina"
Nabeul,9999.0,70.0,Tunisie-annonce TN,2831178,142.84285714285716,"Tunisie,Nabeul,Hammamet,Hammamet"
Banlieue Nord,600.0,60.0,Tunisie-annonce TN,2831174,10.0,"Tunisie,Tunis,La Marsa,El Aouina"
Ariana,1050.0,140.0,Tunisie-annonce TN,2762419,7.5,"Tunisie,Ariana,Ariana Ville,El Menzah 6"
Banlieue Nord,850.0,70.0,Tunisie-annonce TN,2831171,12.142857142857142,"Tunisie,Tunis,La Marsa,El Aouina"
Banlieue Nord,1200.0,212.0,Tunisie-annonce TN,2831168,5.660377358490566,"Tunisie,Tunis,La Marsa,El Aouina"
Monastir,15000.0,35.0,Tunisie-annonce TN,2831219,428.57142857142856,"Tunisie,Monastir,Monastir,Monastir"
Ariana,650.0,65.0,Tunisie-annonce TN,2827124,10.0,"Tunisie,Ariana,La Soukra,La Soukra"
Banlieue Nord,7300.0,450.0,Tunisie-annonce TN,2584903,16.22222222222222,"Tunisie,Tunis,La Marsa,Berge Du Lac"
Nabeul,9999.0,110.0,Tunisie-annonce TN,2831218,90.9,"Tunisie,Nabeul,Hammamet,Hammamet"
Ben arous,450.0,104.0,Tunisie-annonce TN,2821834,4.326923076923077,"Tunisie,Ben arous,Hammam Chatt,Borj Cedria"
Ariana,200.0,60.0,Tunisie-annonce TN,2831217,3.3333333333333335,"Tunisie,Ariana,Ariana Ville,Residence Ennour (Ariana)"
Ariana,100.0,90.0,Tunisie-annonce TN,2422230,1.1111111111111112,"Tunisie,Ariana,Ariana Ville,Cite Ennasr 2"
Ariana,100.0,150.0,Tunisie-annonce TN,2252818,0.6666666666666666,"Tunisie,Ariana,Ariana Ville,Cite Ennasr 1"
Sousse,1500.0,300.0,Tunisie-annonce TN,2519853,5.0,"Tunisie,Sousse,Sousse Ville,Sousse Corniche"
Ariana,180.0,90.0,Tunisie-annonce TN,2468451,2.0,"Tunisie,Ariana,Ariana Ville,Cite Ennasr 1"
Cite el khadra,1500.0,140.0,Tunisie-annonce TN,2823176,10.714285714285714,"Tunisie,Tunis,Cite El Khadra,Zone urbaine nord"
Ariana,12000.0,10000.0,Tunisie-annonce TN,2831212,1.2,"Tunisie,Ariana,La Soukra,La Soukra"
Ben arous,520.0,98.0,Tunisie-annonce TN,2808278,5.3061224489795915,"Tunisie,Ben arous,Ezzahra,Ezzahra"
Ben arous,400.0,100.0,Tunisie-annonce TN,2828656,4.0,"Tunisie,Ben arous,Bou Mhel El Bassatine,Bou Mhel"
Mannouba,550.0,96.0,Tunisie-annonce TN,2831200,5.729166666666667,"Tunisie,Manouba,Mannouba,La Mannouba"
Banlieue Nord,2000.0,170.0,Tunisie-annonce TN,2790531,11.764705882352942,"Tunisie,Tunis,Carthage,Cartage Plage"
Ariana,120.0,180.0,Tunisie-annonce TN,1560611,0.6666666666666666,"Tunisie,Ariana,Ariana Ville,Cite Ennasr 2"
Ben arous,350.0,83.0,Tunisie-annonce TN,2831240,4.216867469879518,"Tunisie,Ben arous,El Mourouj,Residence Zahret El Mourouj"
Ben arous,580.0,105.0,Tunisie-annonce TN,2825889,5.523809523809524,"Tunisie,Ben arous,El Mourouj,El Mourouj"
Ariana,110.0,130.0,Tunisie-annonce TN,2824055,0.8461538461538461,"Tunisie,Ariana,Ariana Ville,Ariana"
Ariana,110.0,150.0,Tunisie-annonce TN,2809284,0.7333333333333333,"Tunisie,Ariana,Ariana Ville,Ariana"
Nabeul,800.0,500.0,Tunisie-annonce TN,2805270,1.6,"Tunisie,Nabeul,El Haouaria,El Haouaria"
Nabeul,1300.0,90.0,Tunisie-annonce TN,2806706,14.444444444444445,"Tunisie,Nabeul,Kelibia,Kelibia"
Banlieue Nord,5000.0,1128.0,Tunisie-annonce TN,2806263,4.432624113475177,"Tunisie,Tunis,Carthage,Carthage"
Banlieue Nord,1500.0,150.0,Tunisie-annonce TN,2826968,10.0,"Tunisie,Tunis,La Marsa,Marsa Safsaf"
Ariana,1500.0,70.0,Tunisie-annonce TN,2826943,21.428571428571427,"Tunisie,Ariana,La Soukra,Chotrana 2"
Banlieue Nord,1050.0,100.0,Tunisie-annonce TN,2819488,10.5,"Tunisie,Tunis,Ain Zaghouan,Jardins de Carthage"
Bizerte,2000.0,297.0,Tunisie-annonce TN,2831230,6.734006734006734,"Tunisie,Bizerte,Menzel Jemil,Menzel Jemil"
Ben arous,470.0,110.0,Tunisie-annonce TN,2828998,4.2727272727272725,"Tunisie,Ben arous,El Mourouj,El Mourouj"
Ariana,750.0,50.0,Tunisie-annonce TN,2767013,15.0,"Tunisie,Ariana,Ariana Ville,El Menzah 5"
Ariana,780.0,60.0,Tunisie-annonce TN,2774529,13.0,"Tunisie,Tunis,El Menzah,El Manar 2"
Tunis,1300.0,183.0,Tunisie-annonce TN,2754353,7.103825136612022,"Tunisie,Tunis,Ain Zaghouan,Ain Zaghouan"
Ariana,550.0,30.0,Tunisie-annonce TN,2822680,18.333333333333332,"Tunisie,Ariana,Ariana Ville,Cite Ennasr 1"
Mahdia,100.0,80.0,Tunisie-annonce TN,2831260,1.25,"Tunisie,Mahdia,Mahdia,Mahdia"
Banlieue Nord,1200.0,100.0,Tunisie-annonce TN,2563083,12.0,"Tunisie,Tunis,La Marsa,Cite Erriadh"
Banlieue Nord,1000.0,100.0,Tunisie-annonce TN,2344636,10.0,"Tunisie,Tunis,La Marsa,Cite Essalama"
Jendouba,800.0,80.0,Tunisie-annonce TN,1540310,10.0,"Tunisie,Jendouba,Ain Draham,Ain Draham"
Banlieue Nord,1200.0,70.0,Tunisie-annonce TN,2791863,17.142857142857142,"Tunisie,Tunis,La Marsa,El Aouina"
Mahdia,100.0,80.0,Tunisie-annonce TN,2831259,1.25,"Tunisie,Mahdia,Mahdia,Mahdia"
Mahdia,700.0,120.0,Tunisie-annonce TN,2612436,5.833333333333333,"Tunisie,Mahdia,Mahdia,Mahdia Hiboun"
Ariana,2600.0,180.0,Tunisie-annonce TN,2741683,14.444444444444445,"Tunisie,Ariana,Ariana Ville,Cite Ennasr 2"
Ariana,950.0,100.0,Tunisie-annonce TN,2767091,9.5,"Tunisie,Tunis,El Menzah,El Menzah 9"
Ben arous,850.0,85.0,Tunisie-annonce TN,2794751,10.0,"Tunisie,Ben arous,El Mourouj,El Mourouj"
Sousse,550.0,85.0,Tunisie-annonce TN,2534163,6.470588235294118,"Tunisie,Sousse,Sousse Jaouhara,Sahloul"
Banlieue Nord,3000.0,190.0,Tunisie-annonce TN,2801570,15.789473684210526,"Tunisie,Tunis,La Marsa,Cite El Hana"
Banlieue Nord,4400.0,310.0,Tunisie-annonce TN,2799723,14.193548387096774,"Tunisie,Tunis,La Marsa,Gammart"
Tunis,1200.0,105.0,Tunisie-annonce TN,2748705,11.428571428571429,"Tunisie,Tunis,Ain Zaghouan,Ain Zaghouan"
Banlieue Nord,4500.0,234.0,Tunisie-annonce TN,2798015,19.23076923076923,"Tunisie,Tunis,La Marsa,Berge Du Lac"
Ariana,520.0,100.0,Tunisie-annonce TN,2830561,5.2,"Tunisie,Ariana,La Soukra,Borj Louzir"
Ariana,470.0,80.0,Tunisie-annonce TN,2745599,5.875,"Tunisie,Ariana,Ariana Ville,El Menzah 8"
Cite el khadra,780.0,70.0,Tunisie-annonce TN,2831294,11.142857142857142,"Tunisie,Tunis,Cite El Khadra,Zone urbaine nord"
Banlieue Nord,860.0,128.0,Tunisie-annonce TN,2831293,6.71875,"Tunisie,Tunis,La Marsa,El Aouina"
Nabeul,99.0,75.0,Tunisie-annonce TN,2654583,1.32,"Tunisie,Nabeul,Hammamet,Hammamet"
Nabeul,99.0,75.0,Tunisie-annonce TN,2594293,1.32,"Tunisie,Nabeul,Hammamet,Hammamet"
Banlieue Nord,600.0,65.0,Tunisie-annonce TN,1259758,9.23076923076923,"Tunisie,Tunis,La Goulette,La Goulette"
Ben arous,650.0,150.0,Tunisie-annonce TN,2702930,4.333333333333333,"Tunisie,Ben arous,El Mourouj,El Mourouj"
Ariana,940.0,100.0,Tunisie-annonce TN,2820175,9.4,"Tunisie,Ariana,Ariana Ville,Riadh Landlous"
Ariana,600.0,150.0,Tunisie-annonce TN,2764747,4.0,"Tunisie,Ariana,Ariana Ville,Ariana"
Ben arous,430.0,100.0,Tunisie-annonce TN,2831273,4.3,"Tunisie,Ben arous,Mornag,El Ksibi"
Cite el khadra,680.0,100.0,Tunisie-annonce TN,2831337,6.8,"Tunisie,Tunis,Cite El Khadra,Cite El Khadra"
Tunis,1200.0,100.0,Tunisie-annonce TN,2830487,12.0,"Tunisie,Tunis,Ain Zaghouan,Ain Zaghouan"
Ariana,2000.0,200.0,Tunisie-annonce TN,2794755,10.0,"Tunisie,Tunis,El Menzah,El Manar 1"
Ariana,950.0,165.0,Tunisie-annonce TN,2792038,5.757575757575758,"Tunisie,Ariana,Ariana Ville,Cite Ennasr 2"
Ariana,685.0,82.0,Tunisie-annonce TN,2831319,8.353658536585366,"Tunisie,Ariana,Mnihla,Jardins d'el Menzah"
Ben arous,460.0,176.0,Tunisie-annonce TN,2831318,2.6136363636363638,"Tunisie,Ben arous,Fouchana,Zone Industrielle El Meghira"
Jendouba,300.0,30.0,Tunisie-annonce TN,2831316,10.0,"Tunisie,Jendouba,Tabarka,Tabarka"
Banlieue Nord,1200.0,100.0,Tunisie-annonce TN,2748715,12.0,"Tunisie,Tunis,La Marsa,El Aouina"
Tunis,1200.0,100.0,Tunisie-annonce TN,2747424,12.0,"Tunisie,Tunis,Ain Zaghouan,Ain Zaghouan"
Monastir,375.0,75.0,Tunisie-annonce TN,2821685,5.0,"Tunisie,Monastir,Monastir,Cite El Farik"
Monastir,250.0,60.0,Tunisie-annonce TN,2771514,4.166666666666667,"Tunisie,Monastir,Monastir,Monastir"
Ariana,900.0,140.0,Tunisie-annonce TN,2793759,6.428571428571429,"Tunisie,Ariana,Ariana Ville,Cite Ennasr 2"
Ariana,1400.0,160.0,Tunisie-annonce TN,2795170,8.75,"Tunisie,Ariana,Ariana Ville,El Menzah 8"
Ariana,700.0,100.0,Tunisie-annonce TN,2817108,7.0,"Tunisie,Ariana,Mnihla,Jardins d'el Menzah"
Ariana,700.0,100.0,Tunisie-annonce TN,2817111,7.0,"Tunisie,Ariana,Ariana Ville,Ariana"
Banlieue Nord,860.0,128.0,Tunisie-annonce TN,2831290,6.71875,"Tunisie,Tunis,La Marsa,El Aouina"
Banlieue Nord,1700.0,150.0,Tunisie-annonce TN,2704023,11.333333333333334,"Tunisie,Tunis,La Marsa,Gammart"
Banlieue Nord,4800.0,500.0,Tunisie-annonce TN,2794940,9.6,"Tunisie,Tunis,La Marsa,Marsa Safsaf"
Banlieue Nord,1000.0,80.0,Tunisie-annonce TN,2801582,12.5,"Tunisie,Tunis,La Marsa,Cite Du Stade"
Ariana,560.0,59.0,Tunisie-annonce TN,2829524,9.491525423728813,"Tunisie,Ariana,Mnihla,Jardins d'el Menzah"
Ariana,560.0,59.0,Tunisie-annonce TN,2829530,9.491525423728813,"Tunisie,Ariana,Mnihla,Jardins d'el Menzah"
Ariana,1500.0,200.0,Tunisie-annonce TN,2455240,7.5,"Tunisie,Tunis,El Menzah,El Manar 2"
Jendouba,560.0,90.0,Tunisie-annonce TN,2597233,6.222222222222222,"Tunisie,Jendouba,Tabarka,Tabarka"
Tunis,2000.0,180.0,Tunisie-annonce TN,2756287,11.11111111111111,"Tunisie,Tunis,Bab Bhar,Taieb El M'Hiri"
Bizerte,350.0,95.0,Tunisie-annonce TN,2831349,3.6842105263157894,"Tunisie,Bizerte,Menzel Jemil,Menzel Jemil"
Ariana,800.0,120.0,Tunisie-annonce TN,2821306,6.666666666666667,"Tunisie,Tunis,El Menzah,El Menzah 9"
Ariana,900.0,65.0,Tunisie-annonce TN,2485038,13.846153846153847,"Tunisie,Ariana,Ariana Ville,Cite Ennasr 2"
Nabeul,5000.0,120.0,Tunisie-annonce TN,2820228,41.666666666666664,"Tunisie,Nabeul,Hammamet,Hammamet"
Ariana,1000.0,110.0,Tunisie-annonce TN,2826751,9.090909090909092,"Tunisie,Ariana,Ariana Ville,El Menzah 8"
Ben arous,1200.0,500.0,Tunisie-annonce TN,2613854,2.4,"Tunisie,Ben arous,Ezzahra,Ezzahra"
Ben arous,700.0,150.0,Tunisie-annonce TN,2810280,4.666666666666667,"Tunisie,Ben arous,Megrine,Megrine Riadh"
Banlieue Nord,450.0,70.0,Tunisie-annonce TN,2831344,6.428571428571429,"Tunisie,Tunis,La Marsa,Marsa Safsaf"
Ben arous,600.0,110.0,Tunisie-annonce TN,2821308,5.454545454545454,"Tunisie,Ben arous,El Mourouj,Residence Meriem"
Cite el khadra,480.0,80.0,Tunisie-annonce TN,2803635,6.0,"Tunisie,Tunis,Cite El Khadra,Kheireddine Pacha"
Tunis,850.0,100.0,Tunisie-annonce TN,2801411,8.5,"Tunisie,Tunis,Bab Bhar,Bab Bhar"
Nabeul,3500.0,510.0,Tunisie-annonce TN,2831196,6.862745098039215,"Tunisie,Nabeul,Nabeul,Nabeul"
Jendouba,1000.0,80.0,Tunisie-annonce TN,2831367,12.5,"Tunisie,Jendouba,Tabarka,Tabarka"
Ariana,700.0,100.0,Tunisie-annonce TN,2821191,7.0,"Tunisie,Ariana,Ariana Ville,Ariana"
Ariana,850.0,220.0,Tunisie-annonce TN,2823833,3.8636363636363638,"Tunisie,Ariana,Raoued,Ariana Essoughra"
Ariana,790.0,60.0,Tunisie-annonce TN,2572835,13.166666666666666,"Tunisie,Tunis,El Menzah,El Menzah 9"
Tunis,2200.0,185.0,Tunisie-annonce TN,2781280,11.891891891891891,"Tunisie,Tunis,Ain Zaghouan,Ain Zaghouan"
Tunis,350.0,79.0,Tunisie-annonce TN,2825345,4.430379746835443,"Tunisie,Tunis,Ettahrir,Ettahrir 1"
Ariana,230.0,180.0,Tunisie-annonce TN,2831356,1.2777777777777777,"Tunisie,Ariana,Ariana Ville,Ariana"
Ariana,900.0,80.0,Tunisie-annonce TN,2810525,11.25,"Tunisie,Ariana,Ariana Ville,Cite Ennasr 2"
Banlieue Nord,1200.0,100.0,Tunisie-annonce TN,2826088,12.0,"Tunisie,Tunis,La Marsa,El Aouina"
Ariana,580.0,130.0,Tunisie-annonce TN,2811681,4.461538461538462,"Tunisie,Ariana,La Soukra,Borj Louzir"
Tunis,1200.0,100.0,Tunisie-annonce TN,2830651,12.0,"Tunisie,Tunis,Ain Zaghouan,Ain Zaghouan"
Mannouba,290.0,80.0,Tunisie-annonce TN,2822667,3.625,"Tunisie,Manouba,Oued Ellil,Cite Dhamene 2"
Mannouba,300.0,80.0,Tunisie-annonce TN,2811327,3.75,"Tunisie,Manouba,Oued Ellil,Oued Ellil"
Nabeul,750.0,100.0,Tunisie-annonce TN,2831395,7.5,"Tunisie,Nabeul,Hammam El Ghezaz,Hammam El Ghezaz"
Banlieue Nord,2600.0,150.0,Tunisie-annonce TN,2747628,17.333333333333332,"Tunisie,Tunis,Carthage,Sidi Bousaid"
Ariana,1500.0,124.0,Tunisie-annonce TN,2750606,12.096774193548388,"Tunisie,Tunis,El Menzah,Mutuelle Ville"
Ariana,1300.0,280.0,Tunisie-annonce TN,2799699,4.642857142857143,"Tunisie,Ariana,Ariana Ville,El Menzah 7"
Banlieue Nord,800.0,52.0,Tunisie-annonce TN,2791146,15.384615384615385,"Tunisie,Tunis,Carthage,Sidi Bousaid"
Banlieue Nord,120.0,80.0,Tunisie-annonce TN,2415156,1.5,"Tunisie,Tunis,Carthage,Sidi Bousaid"
Nabeul,850.0,120.0,Tunisie-annonce TN,2831389,7.083333333333333,"Tunisie,Nabeul,Hammam El Ghezaz,Hammam El Ghezaz"
Nabeul,500.0,200.0,Tunisie-annonce TN,2357942,2.5,"Tunisie,Nabeul,Nabeul,Cite El Mahrsi 1"
Bizerte,500.0,90.0,Tunisie-annonce TN,2527976,5.555555555555555,"Tunisie,Bizerte,Bizerte Nord,Bizerte"
Ariana,700.0,100.0,Tunisie-annonce TN,2824488,7.0,"Tunisie,Ariana,Mnihla,Jardins d'el Menzah"
Tunis,500.0,50.0,Tunisie-annonce TN,2802525,10.0,"Tunisie,Tunis,Bab Bhar,Bab Bhar"
Tunis,800.0,100.0,Tunisie-annonce TN,2777778,8.0,"Tunisie,Tunis,Bab Bhar,Bab Bhar"
Gabes,200.0,70.0,Tunisie-annonce TN,2587781,2.857142857142857,"Tunisie,Gabes,Gabes Sud,Zrig"
Ben arous,270.0,34.0,Tunisie-annonce TN,2821785,7.9411764705882355,"Tunisie,Ben arous,Hammam Lif,Cite Boussouffara"
Nabeul,2500.0,500.0,Tunisie-annonce TN,2776566,5.0,"Tunisie,Nabeul,Hammamet,Hammamet"
Ben arous,270.0,34.0,Tunisie-annonce TN,2820692,7.9411764705882355,"Tunisie,Ben arous,Hammam Lif,Hammam Lif"
Ben arous,450.0,80.0,Tunisie-annonce TN,2831415,5.625,"Tunisie,Ben arous,Nouvelle Medina,Nouvelle Medina"
Cite el khadra,650.0,75.0,Tunisie-annonce TN,2831414,8.666666666666666,"Tunisie,Tunis,Cite El Khadra,Cite El Khadra"
Sousse,1200.0,180.0,Tunisie-annonce TN,2815791,6.666666666666667,"Tunisie,Sousse,Sousse Ville,Cite Hached"
Sousse,4000.0,180.0,Tunisie-annonce TN,2255074,22.22222222222222,"Tunisie,Sousse,Hammam Sousse,Hammam Sousse Gharbi"
Ariana,1800.0,250.0,Tunisie-annonce TN,2823959,7.2,"Tunisie,Tunis,El Menzah,El Menzah 9"
Bardo,240.0,45.0,Tunisie-annonce TN,2317772,5.333333333333333,"Tunisie,Tunis,Le Bardo,Ksar Said"
Sousse,1100.0,140.0,Tunisie-annonce TN,2790324,7.857142857142857,"Tunisie,Sousse,Sousse Jaouhara,Sahloul"
Sfax,350.0,70.0,Tunisie-annonce TN,2572113,5.0,"Tunisie,Sfax,Sfax Ville,Sfax Hached"
Ariana,650.0,70.0,Tunisie-annonce TN,2778599,9.285714285714286,"Tunisie,Tunis,El Menzah,El Manar 1"
Ariana,500.0,40.0,Tunisie-annonce TN,2801720,12.5,"Tunisie,Tunis,El Menzah,El Manar 1"
Ariana,950.0,105.0,Tunisie-annonce TN,2815513,9.047619047619047,"Tunisie,Ariana,La Soukra,La Soukra"
Ariana,750.0,100.0,Tunisie-annonce TN,2830693,7.5,"Tunisie,Tunis,El Menzah,El Manar 1"
Ben arous,350.0,250.0,Tunisie-annonce TN,2792419,1.4,"Tunisie,Ben arous,El Mourouj,El Mourouj"
Bizerte,600.0,180.0,Tunisie-annonce TN,2591020,3.3333333333333335,"Tunisie,Bizerte,Bizerte Nord,Bizerte"
Tunis,900.0,65.0,Tunisie-annonce TN,2781227,13.846153846153847,"Tunisie,Tunis,Bab Bhar,Republique"
Tunis,700.0,55.0,Tunisie-annonce TN,2822290,12.727272727272727,"Tunisie,Tunis,Bab Bhar,Republique"
Tunis,470.0,40.0,Tunisie-annonce TN,2781220,11.75,"Tunisie,Tunis,Bab Bhar,Republique"
Nabeul,500.0,500.0,Tunisie-annonce TN,2831454,1.0,"Tunisie,Nabeul,Hammam El Ghezaz,Hammam El Ghezaz"
Tunis,550.0,28.0,Tunisie-annonce TN,2828085,19.642857142857142,"Tunisie,Tunis,Ain Zaghouan,Ain Zaghouan"
Tunis,230.0,100.0,Tunisie-annonce TN,2819914,2.3,"Tunisie,Kasserine,Kasserine Nord,Kasserine"
Ariana,490.0,60.0,Tunisie-annonce TN,2813276,8.166666666666666,"Tunisie,Ariana,Mnihla,Jardins d'el Menzah"
Nabeul,700.0,180.0,Tunisie-annonce TN,2803589,3.888888888888889,"Tunisie,Nabeul,El Haouaria,Cite Touristique"
Ben arous,270.0,34.0,Tunisie-annonce TN,2818150,7.9411764705882355,"Tunisie,Ben arous,Hammam Lif,Cite Boussouffara"
Beja,300.0,50.0,Tunisie-annonce TN,2618270,6.0,"Tunisie,Beja,Beja Sud,Sidi Frej"
Ariana,650.0,90.0,Tunisie-annonce TN,2824254,7.222222222222222,"Tunisie,Ariana,La Soukra,La Soukra"
Ariana,122.0,140.0,Tunisie-annonce TN,2803255,0.8714285714285714,"Tunisie,Ariana,Raoued,Ariana Essoughra"
Sousse,750.0,75.0,Tunisie-annonce TN,2630952,10.0,"Tunisie,Sousse,Akouda,Chatt Meriem"
Mannouba,380.0,50.0,Tunisie-annonce TN,2821755,7.6,"Tunisie,Manouba,Mannouba,La Mannouba"
Jendouba,560.0,70.0,Tunisie-annonce TN,2232528,8.0,"Tunisie,Jendouba,Tabarka,Tabarka"
Ariana,1200.0,100.0,Tunisie-annonce TN,2802421,12.0,"Tunisie,Ariana,Ariana Ville,Cite Ennasr 2"
Nabeul,600.0,80.0,Tunisie-annonce TN,2818193,7.5,"Tunisie,Nabeul,Hammamet,Hammamet"
Ariana,480.0,51.0,Tunisie-annonce TN,2831474,9.411764705882353,"Tunisie,Ariana,Ariana Ville,Cite El Intissar 2"
Tunis,750.0,75.0,Tunisie-annonce TN,2830306,10.0,"Tunisie,Tunis,Ain Zaghouan,Ain Zaghouan"
Sousse,600.0,43.0,Tunisie-annonce TN,2782966,13.953488372093023,"Tunisie,Sousse,Sousse Ville,Sousse"
Sfax,600.0,200.0,Tunisie-annonce TN,2814757,3.0,"Tunisie,Sfax,Sakiet Ezzit,Merkez Chihya"
Ariana,2500.0,350.0,Tunisie-annonce TN,2799768,7.142857142857143,"Tunisie,Ariana,Ariana Ville,El Menzah 7"
Gabes,350.0,167.0,Tunisie-annonce TN,2591849,2.095808383233533,"Tunisie,Gabes,Gabes Sud,Teboulbou"
Tunis,350.0,70.0,Tunisie-annonce TN,2831471,5.0,"Tunisie,Tunis,Sidi El Bechir,Sidi El Bechir"
Ariana,300.0,70.0,Tunisie-annonce TN,2831461,4.285714285714286,"Tunisie,Ariana,La Soukra,Borj Louzir"
Ariana,100.0,130.0,Tunisie-annonce TN,896412,0.7692307692307693,"Tunisie,Ariana,Ariana Ville,Cite Ennasr 2"
Nabeul,500.0,200.0,Tunisie-annonce TN,2822505,2.5,"Tunisie,Nabeul,Kelibia,Kelibia"
Ben arous,600.0,150.0,Tunisie-annonce TN,2813956,4.0,"Tunisie,Ben arous,Bou Mhel El Bassatine,Bou Mhel"
Sousse,100.0,100.0,Tunisie-annonce TN,2812814,1.0,"Tunisie,Sousse,Sousse Jaouhara,Sahloul"
Sousse,300.0,90.0,Tunisie-annonce TN,2548763,3.3333333333333335,"Tunisie,Sousse,Sousse Riadh,Sousse Riadh"
Bardo,350.0,35.0,Tunisie-annonce TN,2826399,10.0,"Tunisie,Tunis,Le Bardo,Ksar Said"
Ariana,1000.0,100.0,Tunisie-annonce TN,2632637,10.0,"Tunisie,Ariana,Ariana Ville,Cite Ennasr 2"
Banlieue Nord,1150.0,160.0,Tunisie-annonce TN,2812956,7.1875,"Tunisie,Tunis,La Marsa,Gammart"
Ben arous,600.0,110.0,Tunisie-annonce TN,2813147,5.454545454545454,"Tunisie,Ben arous,Nouvelle Medina,Nouvelle Medina"
Ben arous,600.0,150.0,Tunisie-annonce TN,2824383,4.0,"Tunisie,Ben arous,Nouvelle Medina,Nouvelle Medina"
Banlieue Nord,1200.0,100.0,Tunisie-annonce TN,2830506,12.0,"Tunisie,Tunis,La Marsa,El Aouina"
Beja,600.0,65.0,Tunisie-annonce TN,2831483,9.23076923076923,"Tunisie,Beja,Beja Nord,Beja"
Sousse,350.0,65.0,Tunisie-annonce TN,2824808,5.384615384615385,"Tunisie,Sousse,Sousse Jaouhara,Sahloul"
Sfax,290.0,35.0,Tunisie-annonce TN,2573375,8.285714285714286,"Tunisie,Sfax,Sfax Ville,Sfax Hached"
Tunis,1700.0,50.0,Tunisie-annonce TN,2746251,34.0,"Tunisie,Tunis,Bab Bhar,Habib Thameur"
Ariana,92.0,100.0,Tunisie-annonce TN,2272992,0.92,"Tunisie,Ariana,Ariana Ville,Cite Ennasr 1"
Sfax,395.0,70.0,Tunisie-annonce TN,2572666,5.642857142857143,"Tunisie,Sfax,Sfax Ville,Sfax Hached"
Banlieue Nord,120.0,69.0,Tunisie-annonce TN,2677736,1.7391304347826086,"Tunisie,Tunis,Ain Zaghouan,Jardins de Carthage"
Banlieue Nord,130.0,71.0,Tunisie-annonce TN,2663010,1.8309859154929577,"Tunisie,Tunis,La Marsa,Berge Du Lac"
Ariana,91.0,150.0,Tunisie-annonce TN,2315181,0.6066666666666667,"Tunisie,Ariana,Ariana Ville,Cite Ennasr 2"
Banlieue Nord,130.0,75.0,Tunisie-annonce TN,2722647,1.7333333333333334,"Tunisie,Tunis,La Marsa,Berge Du Lac"
Banlieue Nord,150.0,50.0,Tunisie-annonce TN,2812007,3.0,"Tunisie,Tunis,La Marsa,Gammart"
Tunis,950.0,119.0,Tunisie-annonce TN,2820219,7.983193277310924,"Tunisie,Tunis,Ain Zaghouan,Ain Zaghouan"
Sfax,700.0,169.0,Tunisie-annonce TN,2828630,4.1420118343195265,"Tunisie,Sfax,Sfax Sud,Sidi Abbes"
Ariana,590.0,75.0,Tunisie-annonce TN,2787314,7.866666666666666,"Tunisie,Tunis,El Menzah,El Menzah 1"
Sfax,1500.0,45.0,Tunisie-annonce TN,2577312,33.333333333333336,"Tunisie,Sfax,Sfax Ville,Cite De Le Liberte"
Ariana,900.0,100.0,Tunisie-annonce TN,2425982,9.0,"Tunisie,Ariana,Ariana Ville,El Menzah 7"
Bizerte,650.0,80.0,Tunisie-annonce TN,2749449,8.125,"Tunisie,Bizerte,Bizerte Nord,Bizerte"
Nabeul,350.0,60.0,Tunisie-annonce TN,2416230,5.833333333333333,"Tunisie,Nabeul,Hammamet,Sidi Jedidi"
Tunis,140.0,100.0,Tunisie-annonce TN,2391280,1.4,"Tunisie,Tunis,Ain Zaghouan,Ain Zaghouan"
Banlieue Nord,160.0,130.0,Tunisie-annonce TN,2526725,1.2307692307692308,"Tunisie,Tunis,La Marsa,Berge Du Lac"
Banlieue Nord,130.0,50.0,Tunisie-annonce TN,2230565,2.6,"Tunisie,Tunis,La Marsa,Berge Du Lac"
Ben arous,750.0,200.0,Tunisie-annonce TN,2813400,3.75,"Tunisie,Ben arous,Bou Mhel El Bassatine,Cite El Mouna"
Ariana,100.0,120.0,Tunisie-annonce TN,1135978,0.8333333333333334,"Tunisie,Ariana,Ariana Ville,Cite Ennasr 2"
Sousse,1450.0,170.0,Tunisie-annonce TN,2783285,8.529411764705882,"Tunisie,Sousse,Hammam Sousse,Hammam Sousse"
Ariana,1200.0,56.0,Tunisie-annonce TN,2831515,21.428571428571427,"Tunisie,Ariana,Ariana Ville,Cite Ennasr 2"
Sousse,550.0,108.0,Tunisie-annonce TN,2831514,5.092592592592593,"Tunisie,Sousse,Sousse Jaouhara,Cite Sahloul"
Tunis,380.0,30.0,Tunisie-annonce TN,2820495,12.666666666666666,"Tunisie,Tunis,Bab Souika,Bab Sidi Abdessalem"
Tunis,280.0,20.0,Tunisie-annonce TN,2803453,14.0,"Tunisie,Tunis,Bab Souika,Borj Zouara"
Nabeul,900.0,180.0,Tunisie-annonce TN,2820755,5.0,"Tunisie,Nabeul,Kelibia,Cite Riadh"
Ariana,850.0,110.0,Tunisie-annonce TN,2803456,7.7272727272727275,"Tunisie,Ariana,La Soukra,La Soukra"
Mannouba,470.0,75.0,Tunisie-annonce TN,2830626,6.266666666666667,"Tunisie,Manouba,Mannouba,La Mannouba"
Ben arous,330.0,70.0,Tunisie-annonce TN,2776160,4.714285714285714,"Tunisie,Ben arous,Ezzahra,Ezzahra"
Banlieue Nord,800.0,100.0,Tunisie-annonce TN,2831532,8.0,"Tunisie,Tunis,La Goulette,La Goulette Port"
Tunis,1650.0,105.0,Tunisie-annonce TN,2831513,15.714285714285714,"Tunisie,Tunis,Ain Zaghouan,Ain Zaghouan"
Banlieue Nord,1650.0,105.0,Tunisie-annonce TN,2831521,15.714285714285714,"Tunisie,Tunis,La Marsa,Berge Du Lac"
Nabeul,125.0,150.0,Tunisie-annonce TN,1536086,0.8333333333333334,"Tunisie,Nabeul,Hammamet,Hammamet"
Ariana,1300.0,130.0,Tunisie-annonce TN,2827182,10.0,"Tunisie,Tunis,El Menzah,El Manar 1"
Nabeul,100.0,80.0,Tunisie-annonce TN,2357863,1.25,"Tunisie,Nabeul,Nabeul,Nabeul"
Mannouba,850.0,155.0,Tunisie-annonce TN,2831529,5.483870967741935,"Tunisie,Manouba,Mannouba,La Mannouba"
Banlieue Nord,3500.0,250.0,Tunisie-annonce TN,2809963,14.0,"Tunisie,Tunis,La Marsa,Cite Du Stade"
Banlieue Nord,1800.0,100.0,Tunisie-annonce TN,2573586,18.0,"Tunisie,Tunis,La Marsa,Gammart"
Banlieue Nord,2500.0,130.0,Tunisie-annonce TN,2783536,19.23076923076923,"Tunisie,Tunis,La Marsa,Marsa Safsaf"
Nabeul,450.0,90.0,Tunisie-annonce TN,2810298,5.0,"Tunisie,Nabeul,Kelibia,Cite Riadh"
Mahdia,700.0,220.0,Tunisie-annonce TN,2737992,3.1818181818181817,"Tunisie,Mahdia,Mahdia,Mahdia"
Ben arous,450.0,70.0,Tunisie-annonce TN,2822589,6.428571428571429,"Tunisie,Ben arous,Hammam Lif,Hammam Lif"
Ariana,9000.0,800.0,Tunisie-annonce TN,2744587,11.25,"Tunisie,Ariana,Ariana Ville,El Menzah 7"
Bizerte,400.0,100.0,Tunisie-annonce TN,2829749,4.0,"Tunisie,Bizerte,Bizerte Nord,Bizerte"
Bizerte,550.0,200.0,Tunisie-annonce TN,2701117,2.75,"Tunisie,Bizerte,Bizerte Nord,Bizerte"
Nabeul,120.0,125.0,Tunisie-annonce TN,2201597,0.96,"Tunisie,Nabeul,Hammamet,Cite Afh"
Jendouba,150.0,110.0,Tunisie-annonce TN,2776834,1.3636363636363635,"Tunisie,Jendouba,Tabarka,Cite El Mourjene"
Banlieue Nord,4000.0,800.0,Tunisie-annonce TN,2827518,5.0,"Tunisie,Tunis,La Marsa,Gammart"
Banlieue Nord,4200.0,750.0,Tunisie-annonce TN,2827502,5.6,"Tunisie,Tunis,La Marsa,Gammart"
Tunis,950.0,155.0,Tunisie-annonce TN,2831555,6.129032258064516,"Tunisie,Tunis,Ain Zaghouan,Ain Zaghouan"
Nabeul,450.0,150.0,Tunisie-annonce TN,2831554,3.0,"Tunisie,Nabeul,Kelibia,Kelibia"
Ben arous,700.0,100.0,Tunisie-annonce TN,2831553,7.0,"Tunisie,Ben arous,El Mourouj,El Mourouj"
Ben arous,750.0,50.0,Tunisie-annonce TN,2823289,15.0,"Tunisie,Ben arous,Bou Mhel El Bassatine,Bou Mhel"
Ariana,1800.0,70.0,Tunisie-annonce TN,490066,25.714285714285715,"Tunisie,Ariana,Ariana Ville,Cite Ennasr 2"
Nabeul,150.0,120.0,Tunisie-annonce TN,2367301,1.25,"Tunisie,Nabeul,Hammamet,Hammamet"
Nabeul,1000.0,200.0,Tunisie-annonce TN,2799787,5.0,"Tunisie,Nabeul,Kelibia,Kelibia"
Sousse,750.0,130.0,Tunisie-annonce TN,2770273,5.769230769230769,"Tunisie,Sousse,Hammam Sousse,Cite Ezzitouna 2"
Tunis,12000.0,110.0,Tunisie-annonce TN,2765483,109.0909090909091,"Tunisie,Tunis,Bab Bhar,Republique"
Ariana,100.0,120.0,Tunisie-annonce TN,1271910,0.8333333333333334,"Tunisie,Ariana,Ariana Ville,Cite Ennasr 2"
Ariana,130.0,180.0,Tunisie-annonce TN,1585452,0.7222222222222222,"Tunisie,Ariana,Ariana Ville,Cite Ennasr 2"
Ariana,1000.0,135.0,Tunisie-annonce TN,2769860,7.407407407407407,"Tunisie,Tunis,El Menzah,El Menzah 9"
Ariana,1000.0,130.0,Tunisie-annonce TN,2827189,7.6923076923076925,"Tunisie,Ariana,Ariana Ville,Cite Ennasr 2"
Ben arous,900.0,85.0,Tunisie-annonce TN,2754851,10.588235294117647,"Tunisie,Ben arous,El Mourouj,El Mourouj"
Ben arous,500.0,85.0,Tunisie-annonce TN,2820411,5.882352941176471,"Tunisie,Ben arous,El Mourouj,El Mourouj"
Ben arous,650.0,120.0,Tunisie-annonce TN,2831496,5.416666666666667,"Tunisie,Ben arous,El Mourouj,El Mourouj"
Sousse,600.0,120.0,Tunisie-annonce TN,2587207,5.0,"Tunisie,Sousse,Hammam Sousse,Hammam Sousse"
Sfax,500.0,145.0,Tunisie-annonce TN,2808136,3.4482758620689653,"Tunisie,Sfax,Sakiet Ezzit,Merkez Chihya"
Tunis,2250.0,350.0,Tunisie-annonce TN,2831557,6.428571428571429,"Tunisie,Tunis,Ain Zaghouan,Ain Zaghouan"
Mannouba,350.0,60.0,Tunisie-annonce TN,2819779,5.833333333333333,"Tunisie,Manouba,Mannouba,Denden"
Bizerte,600.0,80.0,Tunisie-annonce TN,2723599,7.5,"Tunisie,Bizerte,Bizerte Nord,Bizerte"
Monastir,100.0,90.0,Tunisie-annonce TN,2831556,1.1111111111111112,"Tunisie,Monastir,Monastir,Monastir"
Sfax,1000.0,650.0,Tunisie-annonce TN,2825948,1.5384615384615385,"Tunisie,Sfax,Sfax Sud,Sidi Abbes"
Bizerte,350.0,120.0,Tunisie-annonce TN,2800750,2.9166666666666665,"Tunisie,Bizerte,Bizerte Nord,Bizerte"
Bizerte,2500.0,350.0,Tunisie-annonce TN,2677583,7.142857142857143,"Tunisie,Bizerte,Bizerte Nord,Bizerte"
Banlieue Nord,2000.0,130.0,Tunisie-annonce TN,2827611,15.384615384615385,"Tunisie,Tunis,La Marsa,Marsa Ennassim"
Banlieue Nord,2300.0,180.0,Tunisie-annonce TN,2759714,12.777777777777779,"Tunisie,Tunis,Carthage,Sidi Bousaid"
Ben arous,1500.0,105.0,Tunisie-annonce TN,2787439,14.285714285714286,"Tunisie,Ben arous,Ezzahra,Ezzahra"
Ben arous,1200.0,89.0,Tunisie-annonce TN,2731905,13.48314606741573,"Tunisie,Ben arous,Bou Mhel El Bassatine,Bou Mhel"
Sousse,450.0,125.0,Tunisie-annonce TN,2295751,3.6,"Tunisie,Sousse,Hergla,Hergla"
Tunis,550.0,65.0,Tunisie-annonce TN,2754098,8.461538461538462,"Tunisie,Tunis,Bab Bhar,Hedi Chaker"
Ben arous,450.0,90.0,Tunisie-annonce TN,2831570,5.0,"Tunisie,Ben arous,Rades,Village Mediterranee"
Mahdia,50000.0,18.0,Tunisie-annonce TN,2830605,2777.777777777778,"Tunisie,Mahdia,Mahdia,Rejiche"
Bizerte,2500.0,1000.0,Tunisie-annonce TN,2825452,2.5,"Tunisie,Bizerte,Bizerte Nord,Bizerte"
Bizerte,600.0,100.0,Tunisie-annonce TN,2825500,6.0,"Tunisie,Bizerte,Bizerte Nord,Bizerte"
Sousse,1200.0,75.0,Tunisie-annonce TN,1721190,16.0,"Tunisie,Sousse,Hammam Sousse,El Kantaoui"
Ariana,1200.0,130.0,Tunisie-annonce TN,2740153,9.23076923076923,"Tunisie,Ariana,Ariana Ville,Cite Ennasr 2"
Mannouba,260.0,60.0,Tunisie-annonce TN,2831596,4.333333333333333,"Tunisie,Manouba,Mannouba,Denden"
Mannouba,370.0,80.0,Tunisie-annonce TN,2831593,4.625,"Tunisie,Manouba,Mannouba,Denden"
Ariana,1100.0,120.0,Tunisie-annonce TN,2747820,9.166666666666666,"Tunisie,Ariana,Ariana Ville,Cite Ennasr 2"
Ariana,750.0,110.0,Tunisie-annonce TN,2815562,6.818181818181818,"Tunisie,Tunis,El Menzah,El Menzah 9"
Ariana,700.0,70.0,Tunisie-annonce TN,2823487,10.0,"Tunisie,Ariana,Ariana Ville,El Menzah 7"
Ariana,1000.0,125.0,Tunisie-annonce TN,2827090,8.0,"Tunisie,Ariana,Ariana Ville,Cite Ennasr 2"
Banlieue Nord,1500.0,150.0,Tunisie-annonce TN,2781877,10.0,"Tunisie,Tunis,Carthage,Sidi Bousaid"
Banlieue Nord,2000.0,200.0,Tunisie-annonce TN,2798513,10.0,"Tunisie,Tunis,La Marsa,Berge Du Lac"
Banlieue Nord,2000.0,150.0,Tunisie-annonce TN,2747045,13.333333333333334,"Tunisie,Tunis,Carthage,Sidi Bousaid"
Ariana,750.0,80.0,Tunisie-annonce TN,2806315,9.375,"Tunisie,Ariana,Ariana Ville,Cite Ennasr 2"
Banlieue Nord,1200.0,90.0,Tunisie-annonce TN,2803601,13.333333333333334,"Tunisie,Tunis,La Marsa,Marsa Safsaf"
Ben arous,1200.0,80.0,Tunisie-annonce TN,2815376,15.0,"Tunisie,Ben arous,El Mourouj,El Mourouj"
Banlieue Nord,2500.0,150.0,Tunisie-annonce TN,2700413,16.666666666666668,"Tunisie,Tunis,La Marsa,Gammart"
Banlieue Nord,3200.0,150.0,Tunisie-annonce TN,2770497,21.333333333333332,"Tunisie,Tunis,La Marsa,Gammart"
Ben arous,500.0,100.0,Tunisie-annonce TN,2597254,5.0,"Tunisie,Ben arous,Bou Mhel El Bassatine,Cite El Mahrajene 2"
Tunis,200.0,25.0,Tunisie-annonce TN,2831631,8.0,"Tunisie,Tunis,El Omrane Superieur,El Omrane Superieur"
Sfax,380.0,100.0,Tunisie-annonce TN,2787775,3.8,"Tunisie,Sfax,Sakiet Ezzit,Sakiet Ezzit"
Gabes,250.0,90.0,Tunisie-annonce TN,2831630,2.7777777777777777,"Tunisie,Gabes,Gabes Sud,Zrig"
Gabes,370.0,140.0,Tunisie-annonce TN,2774699,2.642857142857143,"Tunisie,Gabes,Gabes Sud,Zrig"
Ariana,950.0,100.0,Tunisie-annonce TN,2762768,9.5,"Tunisie,Tunis,El Menzah,El Manar 2"
Gabes,270.0,85.0,Tunisie-annonce TN,2773640,3.176470588235294,"Tunisie,Gabes,Gabes Sud,Zrig"
Sfax,600.0,130.0,Tunisie-annonce TN,2831615,4.615384615384615,"Tunisie,Sfax,Sfax Ville,Sfax"
Banlieue Nord,700.0,35.0,Tunisie-annonce TN,2724588,20.0,"Tunisie,Tunis,La Marsa,Cite Du Stade"
Ariana,500.0,6418.0,Tunisie-annonce TN,2823024,0.0779058896852602,"Tunisie,Ariana,Sidi Thabet,Sidi Thabet"
Ariana,2500.0,1635.0,Tunisie-annonce TN,2831607,1.529051987767584,"Tunisie,Tunis,El Menzah,El Menzah 9"
Mannouba,250.0,60.0,Tunisie-annonce TN,2828177,4.166666666666667,"Tunisie,Manouba,Mannouba,La Mannouba"
Ariana,400.0,50.0,Tunisie-annonce TN,2831603,8.0,"Tunisie,Ariana,La Soukra,Borj Louzir"
Banlieue Nord,750.0,90.0,Tunisie-annonce TN,2788548,8.333333333333334,"Tunisie,Tunis,La Marsa,Marsa Safsaf"
Banlieue Nord,4500.0,280.0,Tunisie-annonce TN,2828560,16.071428571428573,"Tunisie,Tunis,La Marsa,Marsa Safsaf"
Sousse,800.0,120.0,Tunisie-annonce TN,2798703,6.666666666666667,"Tunisie,Sousse,Hergla,Hergla"
Nabeul,380.0,120.0,Tunisie-annonce TN,2823222,3.1666666666666665,"Tunisie,Nabeul,Soliman,Soliman"
Ben arous,460.0,150.0,Tunisie-annonce TN,2743248,3.066666666666667,"Tunisie,Ben arous,El Mourouj,El Mourouj"
Nabeul,140.0,80.0,Tunisie-annonce TN,2357798,1.75,"Tunisie,Nabeul,Nabeul,Nabeul"
Nabeul,380.0,120.0,Tunisie-annonce TN,2738334,3.1666666666666665,"Tunisie,Nabeul,Korba,Korba Hached"
Nabeul,400.0,320.0,Tunisie-annonce TN,2817755,1.25,"Tunisie,Nabeul,Menzel Temime,Cite Ettaamir"
Nabeul,420.0,140.0,Tunisie-annonce TN,2804380,3.0,"Tunisie,Nabeul,Korba,Korba"
Sousse,900.0,200.0,Tunisie-annonce TN,2783271,4.5,"Tunisie,Sousse,Sousse Ville,Sousse"
Sousse,550.0,140.0,Tunisie-annonce TN,2797634,3.9285714285714284,"Tunisie,Sousse,Sousse Jaouhara,Sahloul"
Nabeul,700.0,65.0,Tunisie-annonce TN,2812965,10.76923076923077,"Tunisie,Nabeul,Hammamet,Hammamet"
Sousse,700.0,80.0,Tunisie-annonce TN,2783221,8.75,"Tunisie,Sousse,Sousse Jaouhara,Sousse Khezama"
Ariana,1200.0,120.0,Tunisie-annonce TN,2733139,10.0,"Tunisie,Ariana,Ariana Ville,El Menzah 8"
Ariana,2100.0,200.0,Tunisie-annonce TN,2774287,10.5,"Tunisie,Ariana,Ariana Ville,Cite Ennasr 2"
Ben arous,10000.0,2000.0,Tunisie-annonce TN,2705154,5.0,"Tunisie,Ben arous,Ben Arous,Ben Arous"
Banlieue Nord,150.0,100.0,Tunisie-annonce TN,2488155,1.5,"Tunisie,Tunis,La Marsa,Berge Du Lac"
Nabeul,850.0,160.0,Tunisie-annonce TN,2828207,5.3125,"Tunisie,Nabeul,Kelibia,Kelibia"
Bardo,1000.0,230.0,Tunisie-annonce TN,2822422,4.3478260869565215,"Tunisie,Tunis,Le Bardo,Le Bardo"
Nabeul,340.0,81.0,Tunisie-annonce TN,2534366,4.197530864197531,"Tunisie,Nabeul,Dar Chaabane Elfehri,Dar Chaabane Elfehri"
Nabeul,340.0,80.0,Tunisie-annonce TN,2757414,4.25,"Tunisie,Nabeul,Dar Chaabane Elfehri,Dar Chaabane Elfehri"
Ariana,900.0,135.0,Tunisie-annonce TN,2733204,6.666666666666667,"Tunisie,Tunis,El Menzah,El Manar 1"
Ariana,3500.0,760.0,Tunisie-annonce TN,2733183,4.605263157894737,"Tunisie,Ariana,Ariana Ville,Cite Ennasr 1"
Ariana,180.0,40.0,Tunisie-annonce TN,2776553,4.5,"Tunisie,Ariana,Ettadhamen,Cite 18 Janvier"
Ariana,700.0,247.0,Tunisie-annonce TN,2818847,2.834008097165992,"Tunisie,Ariana,Raoued,Cite Essahafa"
Nabeul,120.0,150.0,Tunisie-annonce TN,2805003,0.8,"Tunisie,Nabeul,Kelibia,Kelibia"
Banlieue Nord,3000.0,200.0,Tunisie-annonce TN,2798511,15.0,"Tunisie,Tunis,La Marsa,Berge Du Lac"
Tunis,290.0,80.0,Tunisie-annonce TN,2829139,3.625,"Tunisie,Tunis,El Omrane Superieur,El Omrane Superieur"
Monastir,200.0,120.0,Tunisie-annonce TN,2831651,1.6666666666666667,"Tunisie,Monastir,Ksar Helal,Ksar Helal"
Ariana,600.0,65.0,Tunisie-annonce TN,2792487,9.23076923076923,"Tunisie,Ariana,Mnihla,Jardins d'el Menzah"
Sfax,530.0,75.0,Tunisie-annonce TN,2723450,7.066666666666666,"Tunisie,Sfax,Sfax Sud,Sidi Abbes"
Banlieue Nord,3000.0,130.0,Tunisie-annonce TN,2802279,23.076923076923077,"Tunisie,Tunis,La Marsa,Marsa Safsaf"
Ariana,450.0,150.0,Tunisie-annonce TN,2831670,3.0,"Tunisie,Ariana,Mnihla,Mnihla"
Ariana,750.0,130.0,Tunisie-annonce TN,2451059,5.769230769230769,"Tunisie,Ariana,Mnihla,Jardins d'el Menzah"
Ben arous,6000.0,5000.0,Tunisie-annonce TN,2699231,1.2,"Tunisie,Ben arous,Ben Arous,Ben Arous Sud"
Ben arous,4500.0,1400.0,Tunisie-annonce TN,2699071,3.2142857142857144,"Tunisie,Ben arous,Ben Arous,Ben Arous"
Ariana,850.0,60.0,Tunisie-annonce TN,2831669,14.166666666666666,"Tunisie,Ariana,Ariana Ville,Cite Ennasr 2"
Nabeul,1400.0,500.0,Tunisie-annonce TN,2831668,2.8,"Tunisie,Nabeul,Korba,Korba"
Ben arous,380.0,100.0,Tunisie-annonce TN,2722843,3.8,"Tunisie,Ben arous,Fouchana,Zone Industrielle El Meghira"
Nabeul,500.0,50.0,Tunisie-annonce TN,2820500,10.0,"Tunisie,Nabeul,Hammamet,Hammamet"
Nabeul,1750.0,250.0,Tunisie-annonce TN,2820482,7.0,"Tunisie,Nabeul,Hammamet,Hammamet"
Monastir,200.0,60.0,Tunisie-annonce TN,2825685,3.3333333333333335,"Tunisie,Monastir,Monastir,Monastir"
Ariana,800.0,150.0,Tunisie-annonce TN,2827362,5.333333333333333,"Tunisie,Ariana,Mnihla,Jardins d'el Menzah"
Ariana,850.0,110.0,Tunisie-annonce TN,2824319,7.7272727272727275,"Tunisie,Ariana,Ariana Ville,Cite Ennasr 2"
Ariana,1050.0,150.0,Tunisie-annonce TN,2823341,7.0,"Tunisie,Ariana,Mnihla,Jardins d'el Menzah"
Tunis,800.0,150.0,Tunisie-annonce TN,2828891,5.333333333333333,"Tunisie,Tunis,Ain Zaghouan,Ain Zaghouan"
Banlieue Nord,1600.0,240.0,Tunisie-annonce TN,2828157,6.666666666666667,"Tunisie,Tunis,Ain Zaghouan,Jardins de Carthage"
Ariana,850.0,147.0,Tunisie-annonce TN,2831681,5.782312925170068,"Tunisie,Ariana,Ariana Ville,Ariana"
Nabeul,99.0,99.0,Tunisie-annonce TN,2815249,1.0,"Tunisie,Nabeul,Hammamet,Hammamet"
Nabeul,99.0,99.0,Tunisie-annonce TN,2815246,1.0,"Tunisie,Nabeul,Hammamet,Hammamet"
Tunis,500.0,90.0,Tunisie-annonce TN,2825087,5.555555555555555,"Tunisie,Tunis,La Medina,Bab Djedid"
Ariana,1250.0,120.0,Tunisie-annonce TN,2822199,10.416666666666666,"Tunisie,Tunis,El Menzah,El Menzah 9"
Ariana,1100.0,74.0,Tunisie-annonce TN,2507240,14.864864864864865,"Tunisie,Tunis,El Menzah,El Manar 2"
Ben arous,2500.0,205.0,Tunisie-annonce TN,2803116,12.195121951219512,"Tunisie,Ben arous,Ezzahra,Ezzahra"
Ariana,630.0,40.0,Tunisie-annonce TN,2576365,15.75,"Tunisie,Ariana,Ariana Ville,Cite Ennasr 2"
Monastir,250.0,150.0,Tunisie-annonce TN,2810086,1.6666666666666667,"Tunisie,Monastir,Monastir,Monastir"
Banlieue Nord,750.0,120.0,Tunisie-annonce TN,2831674,6.25,"Tunisie,Tunis,Carthage,Cartage Byrsa"
Nabeul,3800.0,250.0,Tunisie-annonce TN,2831692,15.2,"Tunisie,Nabeul,Hammamet,Hammamet"
Sfax,450.0,110.0,Tunisie-annonce TN,2831691,4.090909090909091,"Tunisie,Sfax,Sfax Ville,Merkez El Alia"
Sfax,500.0,120.0,Tunisie-annonce TN,2816454,4.166666666666667,"Tunisie,Sfax,Sakiet Ezzit,Merkez Chihya"
Sousse,600.0,80.0,Tunisie-annonce TN,2831408,7.5,"Tunisie,Sousse,Hammam Sousse,El Kantaoui"
Bardo,750.0,112.0,Tunisie-annonce TN,2802897,6.696428571428571,"Tunisie,Tunis,Le Bardo,Le Bardo"
Bardo,100.0,80.0,Tunisie-annonce TN,2579624,1.25,"Tunisie,Tunis,Le Bardo,Le Bardo"
Sousse,120.0,200.0,Tunisie-annonce TN,2831534,0.6,"Tunisie,Sousse,Akouda,Chatt Meriem"
Sfax,250.0,60.0,Tunisie-annonce TN,2826919,4.166666666666667,"Tunisie,Sfax,Sfax Ville,Sfax"
Nabeul,3500.0,500.0,Tunisie-annonce TN,2805216,7.0,"Tunisie,Nabeul,Hammamet,Hammamet"
Sfax,180.0,40.0,Tunisie-annonce TN,2675564,4.5,"Tunisie,Sfax,Sakiet Ezzit,Sakiet Ezzit"
Nabeul,390.0,50.0,Tunisie-annonce TN,2754772,7.8,"Tunisie,Nabeul,Kelibia,Kelibia"
Ben arous,900.0,150.0,Tunisie-annonce TN,2762239,6.0,"Tunisie,Ben arous,Megrine,Sidi Rezig"
Tunis,1250.0,107.0,Tunisie-annonce TN,2815273,11.682242990654206,"Tunisie,Tunis,Bab Bhar,Montplaisir"
Ben arous,3000.0,155.0,Tunisie-annonce TN,2702373,19.35483870967742,"Tunisie,Ben arous,Megrine,Megrine"
Sousse,400.0,75.0,Tunisie-annonce TN,2543561,5.333333333333333,"Tunisie,Sousse,Bou Ficha,Bou Ficha"
Ben arous,5000.0,1500.0,Tunisie-annonce TN,2699599,3.3333333333333335,"Tunisie,Ben arous,Ben Arous,Ben Arous Sud"
Mahdia,1000.0,55.0,Tunisie-annonce TN,812439,18.181818181818183,"Tunisie,Mahdia,Mahdia,Mahdia"
Banlieue Nord,800.0,50.0,Tunisie-annonce TN,2351756,16.0,"Tunisie,Tunis,Ain Zaghouan,Jardins de Carthage"
Tunis,100.0,55.0,Tunisie-annonce TN,2358631,1.8181818181818181,"Tunisie,Tunis,Ain Zaghouan,Ain Zaghouan"
Ben arous,500.0,100.0,Tunisie-annonce TN,1412133,5.0,"Tunisie,Ben arous,Bou Mhel El Bassatine,Bou Mhel"
Nabeul,2500.0,180.0,Tunisie-annonce TN,2831698,13.88888888888889,"Tunisie,Nabeul,Hammamet,Hammamet"
Banlieue Nord,2200.0,130.0,Tunisie-annonce TN,2821220,16.923076923076923,"Tunisie,Tunis,La Marsa,Berge Du Lac"
Banlieue Nord,1100.0,85.0,Tunisie-annonce TN,2779178,12.941176470588236,"Tunisie,Tunis,La Marsa,Berge Du Lac"
Ariana,700.0,100.0,Tunisie-annonce TN,2800365,7.0,"Tunisie,Ariana,Ariana Ville,El Menzah 7"
Ariana,550.0,70.0,Tunisie-annonce TN,2569775,7.857142857142857,"Tunisie,Tunis,El Menzah,Mutuelle Ville"
Ariana,1750.0,210.0,Tunisie-annonce TN,2569777,8.333333333333334,"Tunisie,Tunis,El Menzah,Mutuelle Ville"
Ariana,400.0,40.0,Tunisie-annonce TN,2771063,10.0,"Tunisie,Tunis,El Menzah,Mutuelle Ville"
Sousse,100.0,80.0,Tunisie-annonce TN,620745,1.25,"Tunisie,Sousse,Hammam Sousse,El Kantaoui"
Banlieue Nord,2800.0,225.0,Tunisie-annonce TN,2831696,12.444444444444445,"Tunisie,Tunis,La Marsa,Berge Du Lac"
Ben arous,4750.0,800.0,Tunisie-annonce TN,2701687,5.9375,"Tunisie,Ben arous,Megrine,Megrine"
Nabeul,1500.0,250.0,Tunisie-annonce TN,2831694,6.0,"Tunisie,Nabeul,Hammamet,Hammamet"
Banlieue Nord,4550.0,270.0,Tunisie-annonce TN,2828571,16.85185185185185,"Tunisie,Tunis,La Marsa,Marsa Safsaf"
Tunis,350.0,70.0,Tunisie-annonce TN,2784262,5.0,"Tunisie,Tunis,Ettahrir,Ettahrir 1"
Nabeul,750.0,75.0,Tunisie-annonce TN,2586870,10.0,"Tunisie,Nabeul,Nabeul,Nabeul"
Gafsa,420.0,500.0,Tunisie-annonce TN,2765454,0.84,"Tunisie,Gafsa,El Ksar,Gafsa Aeroport"
Ariana,750.0,40.0,Tunisie-annonce TN,2750041,18.75,"Tunisie,Tunis,El Menzah,Mutuelle Ville"
Nabeul,130.0,220.0,Tunisie-annonce TN,2554916,0.5909090909090909,"Tunisie,Nabeul,Kelibia,Kelibia"
Nabeul,490.0,50.0,Tunisie-annonce TN,2639127,9.8,"Tunisie,Nabeul,Kelibia,Kelibia"
Nabeul,99.0,200.0,Tunisie-annonce TN,2811923,0.495,"Tunisie,Nabeul,Kelibia,Kelibia"
Ariana,850.0,500.0,Tunisie-annonce TN,2798435,1.7,"Tunisie,Ariana,Ariana Ville,Ariana"
Ariana,570.0,145.0,Tunisie-annonce TN,2768414,3.9310344827586206,"Tunisie,Ariana,La Soukra,Cite Hedi Nouira"
Cite el khadra,650.0,115.0,Tunisie-annonce TN,2823631,5.6521739130434785,"Tunisie,Tunis,Cite El Khadra,Cite El Khadra"
Bizerte,500.0,120.0,Tunisie-annonce TN,2817945,4.166666666666667,"Tunisie,Bizerte,Bizerte Nord,Cite Chourouk Sidi Salem"
Mannouba,500.0,90.0,Tunisie-annonce TN,2821977,5.555555555555555,"Tunisie,Manouba,Mannouba,La Mannouba"
Nabeul,350.0,100.0,Tunisie-annonce TN,2721021,3.5,"Tunisie,Nabeul,Beni Khiar,Beni Khiar"
Nabeul,750.0,180.0,Tunisie-annonce TN,2721046,4.166666666666667,"Tunisie,Nabeul,Nabeul,Nabeul"
Bizerte,100.0,80.0,Tunisie-annonce TN,2822352,1.25,"Tunisie,Bizerte,Bizerte Nord,Cite Chourouk Sidi Salem"
Ben arous,600.0,140.0,Tunisie-annonce TN,2825738,4.285714285714286,"Tunisie,Ben arous,El Mourouj,El Mourouj"
Bardo,500.0,111.0,Tunisie-annonce TN,2778939,4.504504504504505,"Tunisie,Tunis,Le Bardo,Le Bardo"
Nabeul,99.0,60.0,Tunisie-annonce TN,2811827,1.65,"Tunisie,Nabeul,Kelibia,Kelibia"
Ariana,600.0,75.0,Tunisie-annonce TN,2823602,8.0,"Tunisie,Tunis,El Menzah,El Menzah 9"
Banlieue Nord,100.0,50.0,Tunisie-annonce TN,2373150,2.0,"Tunisie,Tunis,La Marsa,El Aouina"
Banlieue Nord,100.0,150.0,Tunisie-annonce TN,1178378,0.6666666666666666,"Tunisie,Tunis,Ain Zaghouan,Jardins de Carthage"
Tunis,200.0,200.0,Tunisie-annonce TN,2599206,1.0,"Tunisie,Tunis,Ain Zaghouan,Ain Zaghouan"
Tunis,1100.0,120.0,Tunisie-annonce TN,2822453,9.166666666666666,"Tunisie,Tunis,Bab Bhar,Bab Bhar"
Bizerte,1200.0,140.0,Tunisie-annonce TN,2785877,8.571428571428571,"Tunisie,Bizerte,Bizerte Nord,Bizerte"
Tunis,620.0,50.0,Tunisie-annonce TN,2801203,12.4,"Tunisie,Tunis,Bab Bhar,Bab Bhar"
Tunis,1100.0,130.0,Tunisie-annonce TN,2814625,8.461538461538462,"Tunisie,Tunis,Ain Zaghouan,Ain Zaghouan"
Ariana,650.0,90.0,Tunisie-annonce TN,2770659,7.222222222222222,"Tunisie,Ariana,Ariana Ville,Ariana"
Tunis,1300.0,154.0,Tunisie-annonce TN,2824836,8.441558441558442,"Tunisie,Tunis,Ain Zaghouan,Ain Zaghouan"
Banlieue Nord,600.0,70.0,Tunisie-annonce TN,2824812,8.571428571428571,"Tunisie,Tunis,La Marsa,El Aouina"
Banlieue Nord,800.0,105.0,Tunisie-annonce TN,2806776,7.619047619047619,"Tunisie,Tunis,La Marsa,El Aouina"
Ariana,800.0,400.0,Tunisie-annonce TN,2831724,2.0,"Tunisie,Ariana,Raoued,Cite Des Juges"
Ben arous,650.0,150.0,Tunisie-annonce TN,2826229,4.333333333333333,"Tunisie,Ben arous,El Mourouj,El Mourouj"
Ben arous,290.0,70.0,Tunisie-annonce TN,2707768,4.142857142857143,"Tunisie,Ben arous,Mohamadia,Residence El Ferdaous"
Tunis,400.0,80.0,Tunisie-annonce TN,2831721,5.0,"Tunisie,Tunis,El Omrane Superieur,Cite Ibn Khaldoun I"
Banlieue Nord,2800.0,150.0,Tunisie-annonce TN,2826651,18.666666666666668,"Tunisie,Tunis,La Marsa,Gammart"
Banlieue Nord,1100.0,131.0,Tunisie-annonce TN,2829589,8.396946564885496,"Tunisie,Tunis,La Marsa,Cite El Khalil"
Banlieue Nord,1600.0,150.0,Tunisie-annonce TN,2829597,10.666666666666666,"Tunisie,Tunis,La Marsa,Cite El Khalil"
Ariana,650.0,120.0,Tunisie-annonce TN,2828169,5.416666666666667,"Tunisie,Ariana,Mnihla,Jardins d'el Menzah"
Mahdia,450.0,89.0,Tunisie-annonce TN,2773602,5.056179775280899,"Tunisie,Mahdia,Mahdia,Mahdia"
Tunis,500.0,108.0,Tunisie-annonce TN,2831736,4.62962962962963,"Tunisie,Tunis,El Omrane Superieur,Cite Ibn Khaldoun I"
Ariana,670.0,140.0,Tunisie-annonce TN,2830126,4.785714285714286,"Tunisie,Ariana,Mnihla,Jardins d'el Menzah"
Sousse,450.0,120.0,Tunisie-annonce TN,2831735,3.75,"Tunisie,Sousse,Akouda,Akouda"
Banlieue Nord,350.0,35.0,Tunisie-annonce TN,830770,10.0,"Tunisie,Tunis,La Marsa,El Aouina"
Banlieue Nord,7500.0,900.0,Tunisie-annonce TN,2813327,8.333333333333334,"Tunisie,Tunis,La Marsa,Berge Du Lac"
Ariana,300.0,120.0,Tunisie-annonce TN,2823667,2.5,"Tunisie,Ariana,Mnihla,Cite Ali Bourguiba"
Ariana,700.0,90.0,Tunisie-annonce TN,2822943,7.777777777777778,"Tunisie,Ariana,Ariana Ville,Ariana"
Nabeul,700.0,100.0,Tunisie-annonce TN,2817169,7.0,"Tunisie,Nabeul,Hammamet,Hammamet"
Banlieue Nord,1200.0,140.0,Tunisie-annonce TN,2797637,8.571428571428571,"Tunisie,Tunis,La Marsa,Berge Du Lac"
Ariana,750.0,164.0,Tunisie-annonce TN,2818946,4.573170731707317,"Tunisie,Ariana,Mnihla,Mnihla"
Ariana,2500.0,400.0,Tunisie-annonce TN,2578496,6.25,"Tunisie,Ariana,Ariana Ville,Cite Ennasr 2"
Nabeul,400.0,150.0,Tunisie-annonce TN,2820088,2.6666666666666665,"Tunisie,Nabeul,Hammamet,Hammamet"
Ariana,940.0,120.0,Tunisie-annonce TN,2720569,7.833333333333333,"Tunisie,Ariana,Ariana Ville,El Menzah 7"
Banlieue Nord,3200.0,330.0,Tunisie-annonce TN,2744892,9.696969696969697,"Tunisie,Tunis,El Kram,Le Kram Est"
Nabeul,450.0,70.0,Tunisie-annonce TN,1096854,6.428571428571429,"Tunisie,Nabeul,Hammamet,Zone Hoteliere"
Banlieue Nord,780.0,120.0,Tunisie-annonce TN,2761827,6.5,"Tunisie,Tunis,Carthage,Cite Mohamed Ali"
Nabeul,1000.0,76.0,Tunisie-annonce TN,1160924,13.157894736842104,"Tunisie,Nabeul,Beni Khiar,Beni Khiar"
Bizerte,440.0,90.0,Tunisie-annonce TN,2819481,4.888888888888889,"Tunisie,Bizerte,Bizerte Nord,Cite Hassen Nouri"
Cite el khadra,550.0,70.0,Tunisie-annonce TN,2808667,7.857142857142857,"Tunisie,Tunis,Cite El Khadra,Kheireddine Pacha"
Ariana,2500.0,210.0,Tunisie-annonce TN,2808582,11.904761904761905,"Tunisie,Ariana,La Soukra,La Soukra"
Banlieue Nord,3650.0,295.0,Tunisie-annonce TN,2788553,12.372881355932204,"Tunisie,Tunis,La Marsa,Gammart"
Banlieue Nord,7000.0,400.0,Tunisie-annonce TN,2808765,17.5,"Tunisie,Tunis,La Marsa,Marsa Safsaf"
Ariana,500.0,300.0,Tunisie-annonce TN,2734251,1.6666666666666667,"Tunisie,Ariana,Raoued,Ariana Essoughra"
Ariana,900.0,140.0,Tunisie-annonce TN,2769674,6.428571428571429,"Tunisie,Ariana,Ariana Ville,Cite Ennasr 2"
Ben arous,330.0,60.0,Tunisie-annonce TN,2495603,5.5,"Tunisie,Ben arous,Hammam Lif,Hammam Lif"
Tunis,4500.0,215.0,Tunisie-annonce TN,2819613,20.930232558139537,"Tunisie,Tunis,Ain Zaghouan,Ain Zaghouan"
Banlieue Nord,1100.0,85.0,Tunisie-annonce TN,2495617,12.941176470588236,"Tunisie,Tunis,La Marsa,Cite Bhar Lazreg"
Banlieue Nord,2200.0,130.0,Tunisie-annonce TN,2727609,16.923076923076923,"Tunisie,Tunis,La Marsa,Marsa Safsaf"
Ariana,660.0,60.0,Tunisie-annonce TN,2831750,11.0,"Tunisie,Ariana,Ariana Ville,Cite Ennasr 2"
Sousse,100.0,120.0,Tunisie-annonce TN,2808223,0.8333333333333334,"Tunisie,Sousse,Sousse Jaouhara,Sahloul"
Nabeul,1200.0,200.0,Tunisie-annonce TN,2810385,6.0,"Tunisie,Nabeul,Kelibia,Kelibia"
Tunis,350.0,60.0,Tunisie-annonce TN,2831767,5.833333333333333,"Tunisie,Tunis,El Omrane Superieur,El Omrane Superieur"
Nabeul,900.0,120.0,Tunisie-annonce TN,2595776,7.5,"Tunisie,Nabeul,Kelibia,Dar Allouche"
Sousse,100.0,100.0,Tunisie-annonce TN,2807763,1.0,"Tunisie,Sousse,Sousse Jaouhara,Sahloul"
Nabeul,1150.0,70.0,Tunisie-annonce TN,2663027,16.428571428571427,"Tunisie,Nabeul,Nabeul,Nabeul"
Tunis,1800.0,42.0,Tunisie-annonce TN,2815985,42.857142857142854,"Tunisie,Tunis,Ain Zaghouan,Ain Zaghouan"
Nabeul,900.0,73.0,Tunisie-annonce TN,2831759,12.32876712328767,"Tunisie,Nabeul,Hammamet,Hammamet"
Banlieue Nord,2400.0,220.0,Tunisie-annonce TN,2775693,10.909090909090908,"Tunisie,Tunis,La Marsa,Berge Du Lac"
Ariana,1200.0,390.0,Tunisie-annonce TN,2776184,3.076923076923077,"Tunisie,Ariana,Ariana Ville,Cite Ennasr 2"
Nabeul,1300.0,90.0,Tunisie-annonce TN,2806777,14.444444444444445,"Tunisie,Nabeul,Kelibia,Kelibia"
Banlieue Nord,250.0,250.0,Tunisie-annonce TN,2818725,1.0,"Tunisie,Tunis,La Marsa,Gammart"
Banlieue Nord,2000.0,300.0,Tunisie-annonce TN,2721933,6.666666666666667,"Tunisie,Tunis,La Marsa,El Aouina"
Ariana,1300.0,120.0,Tunisie-annonce TN,2807960,10.833333333333334,"Tunisie,Ariana,Ariana Ville,Cite Ennasr 2"
Tunis,1000.0,145.0,Tunisie-annonce TN,2829272,6.896551724137931,"Tunisie,Tunis,Ain Zaghouan,Ain Zaghouan"
Tunis,600.0,70.0,Tunisie-annonce TN,2796022,8.571428571428571,"Tunisie,Tunis,Bab Souika,Bab Souika"
Banlieue Nord,2000.0,128.0,Tunisie-annonce TN,2739129,15.625,"Tunisie,Tunis,La Marsa,Berge Du Lac"
Banlieue Nord,850.0,110.0,Tunisie-annonce TN,2830528,7.7272727272727275,"Tunisie,Tunis,La Marsa,El Aouina"
Ariana,850.0,80.0,Tunisie-annonce TN,2705974,10.625,"Tunisie,Ariana,La Soukra,La Soukra"
Tunis,900.0,70.0,Tunisie-annonce TN,2823236,12.857142857142858,"Tunisie,Tunis,Ain Zaghouan,Ain Zaghouan"
Banlieue Nord,1500.0,165.0,Tunisie-annonce TN,2742498,9.090909090909092,"Tunisie,Tunis,La Marsa,Berge Du Lac"
Banlieue Nord,3000.0,70.0,Tunisie-annonce TN,2681273,42.857142857142854,"Tunisie,Tunis,La Goulette,La Goulette"
Nabeul,550.0,160.0,Tunisie-annonce TN,2720991,3.4375,"Tunisie,Nabeul,Beni Khiar,Beni Khiar"
Ariana,750.0,120.0,Tunisie-annonce TN,2785116,6.25,"Tunisie,Ariana,Ariana Ville,Cite Ennasr 2"
Nabeul,120.0,70.0,Tunisie-annonce TN,2824955,1.7142857142857142,"Tunisie,Nabeul,Hammamet,Cite Afh"
Banlieue Nord,5000.0,285.0,Tunisie-annonce TN,2738629,17.54385964912281,"Tunisie,Tunis,La Marsa,Berge Du Lac"
Banlieue Nord,1500.0,160.0,Tunisie-annonce TN,2820649,9.375,"Tunisie,Tunis,Carthage,Carthage"
Jendouba,350.0,120.0,Tunisie-annonce TN,2123505,2.9166666666666665,"Tunisie,Jendouba,Tabarka,Tabarka"
Ben arous,2000.0,300.0,Tunisie-annonce TN,2811910,6.666666666666667,"Tunisie,Ben arous,Nouvelle Medina,El Yasminette"
Nabeul,200.0,120.0,Tunisie-annonce TN,2824059,1.6666666666666667,"Tunisie,Nabeul,Hammamet,Hammamet"
Banlieue Nord,8000.0,1000.0,Tunisie-annonce TN,2494315,8.0,"Tunisie,Tunis,La Marsa,Berge Du Lac"
Banlieue Nord,6000.0,700.0,Tunisie-annonce TN,2493955,8.571428571428571,"Tunisie,Tunis,La Marsa,Marsa Safsaf"
Ariana,600.0,15.0,Tunisie-annonce TN,2831792,40.0,"Tunisie,Ariana,Ariana Ville,El Menzah 5"
Ben arous,400.0,100.0,Tunisie-annonce TN,2824747,4.0,"Tunisie,Ben arous,Hammam Chatt,Borj Cedria"
Banlieue Nord,7500.0,1000.0,Tunisie-annonce TN,2818561,7.5,"Tunisie,Tunis,La Marsa,Marsa Ennassim"
Banlieue Nord,1350.0,150.0,Tunisie-annonce TN,2797181,9.0,"Tunisie,Tunis,Ain Zaghouan,Jardins de Carthage"
Ben arous,550.0,100.0,Tunisie-annonce TN,2825731,5.5,"Tunisie,Ben arous,El Mourouj,El Mourouj"
Banlieue Nord,900.0,100.0,Tunisie-annonce TN,2797175,9.0,"Tunisie,Tunis,Ain Zaghouan,Jardins de Carthage"
Tunis,1000.0,70.0,Tunisie-annonce TN,2802251,14.285714285714286,"Tunisie,Tunis,Ain Zaghouan,Ain Zaghouan"
Banlieue Nord,800.0,70.0,Tunisie-annonce TN,2824991,11.428571428571429,"Tunisie,Tunis,Ain Zaghouan,Jardins de Carthage"
Banlieue Nord,1200.0,150.0,Tunisie-annonce TN,2824987,8.0,"Tunisie,Tunis,Ain Zaghouan,Jardins de Carthage"
Ariana,4000.0,600.0,Tunisie-annonce TN,2776821,6.666666666666667,"Tunisie,Ariana,La Soukra,Chotrana 2"
Tunis,1400.0,150.0,Tunisie-annonce TN,2824966,9.333333333333334,"Tunisie,Tunis,Ain Zaghouan,Ain Zaghouan"
Banlieue Nord,5000.0,280.0,Tunisie-annonce TN,2679773,17.857142857142858,"Tunisie,Tunis,La Marsa,Gammart"
Nabeul,100.0,60.0,Tunisie-annonce TN,2686627,1.6666666666666667,"Tunisie,Nabeul,Hammamet,Chaabet El Mrezga"
Banlieue Nord,2300.0,165.0,Tunisie-annonce TN,2831805,13.93939393939394,"Tunisie,Tunis,La Marsa,Berge Du Lac"
Ben arous,380.0,110.0,Tunisie-annonce TN,2785325,3.4545454545454546,"Tunisie,Ben arous,Ben Arous,Ben Arous"
Ben arous,440.0,120.0,Tunisie-annonce TN,2672423,3.6666666666666665,"Tunisie,Ben arous,Fouchana,Fouchana"
Ariana,1500.0,180.0,Tunisie-annonce TN,2781349,8.333333333333334,"Tunisie,Tunis,El Menzah,Mutuelle Ville"
Ariana,1200.0,200.0,Tunisie-annonce TN,2757785,6.0,"Tunisie,Ariana,Ariana Ville,El Menzah 6"
Ariana,900.0,50.0,Tunisie-annonce TN,2814104,18.0,"Tunisie,Tunis,El Menzah,El Menzah 9"
Sousse,100.0,100.0,Tunisie-annonce TN,2812533,1.0,"Tunisie,Sousse,Sousse Jaouhara,Sahloul"
Banlieue Nord,600.0,120.0,Tunisie-annonce TN,2812265,5.0,"Tunisie,Tunis,La Marsa,Cite Du Stade"
Cite el khadra,780.0,70.0,Tunisie-annonce TN,2831821,11.142857142857142,"Tunisie,Tunis,Cite El Khadra,Zone urbaine nord"
Sousse,100.0,90.0,Tunisie-annonce TN,2774693,1.1111111111111112,"Tunisie,Sousse,Sousse Jaouhara,Sahloul"
Ariana,1050.0,208.0,Tunisie-annonce TN,2831820,5.048076923076923,"Tunisie,Ariana,Mnihla,Jardins d'el Menzah"
Sousse,550.0,120.0,Tunisie-annonce TN,2827949,4.583333333333333,"Tunisie,Sousse,Sousse Jaouhara,Sousse Khezama"
Tunis,550.0,75.0,Tunisie-annonce TN,2817302,7.333333333333333,"Tunisie,Tunis,Bab Bhar,Bab Bhar"
Ariana,14000.0,1200.0,Tunisie-annonce TN,2782248,11.666666666666666,"Tunisie,Ariana,La Soukra,La Soukra"
Ariana,530.0,150.0,Tunisie-annonce TN,2827300,3.533333333333333,"Tunisie,Ariana,La Soukra,La Soukra"
Banlieue Nord,1900.0,135.0,Tunisie-annonce TN,2831834,14.074074074074074,"Tunisie,Tunis,La Marsa,Berge Du Lac"
Ben arous,400.0,60.0,Tunisie-annonce TN,2822925,6.666666666666667,"Tunisie,Ben arous,El Mourouj,Cite Errachid 2"
Banlieue Nord,4500.0,450.0,Tunisie-annonce TN,2341177,10.0,"Tunisie,Tunis,La Marsa,Cite Du Stade"
Ariana,1000.0,22.0,Tunisie-annonce TN,2771608,45.45454545454545,"Tunisie,Ariana,Ariana Ville,Cite Ennasr 2"
Banlieue Nord,750.0,65.0,Tunisie-annonce TN,2819747,11.538461538461538,"Tunisie,Tunis,La Marsa,Cite El Moez"
Bardo,1200.0,90.0,Tunisie-annonce TN,1081692,13.333333333333334,"Tunisie,Tunis,Le Bardo,Le Bardo"
Ariana,1150.0,160.0,Tunisie-annonce TN,2786513,7.1875,"Tunisie,Ariana,Ariana Ville,Cite Ennasr 1"
Ariana,1150.0,133.0,Tunisie-annonce TN,2743348,8.646616541353383,"Tunisie,Ariana,Mnihla,Jardins d'el Menzah"
Banlieue Nord,3500.0,500.0,Tunisie-annonce TN,2213217,7.0,"Tunisie,Tunis,La Marsa,Marsa Safsaf"
Sousse,600.0,120.0,Tunisie-annonce TN,2748642,5.0,"Tunisie,Sousse,Akouda,Tantana"
Ariana,100.0,100.0,Tunisie-annonce TN,1346533,1.0,"Tunisie,Ariana,Ariana Ville,Cite Ennasr 2"
Ariana,2500.0,500.0,Tunisie-annonce TN,2818645,5.0,"Tunisie,Ariana,La Soukra,La Soukra"
Ariana,4000.0,423.0,Tunisie-annonce TN,2796071,9.456264775413711,"Tunisie,Ariana,La Soukra,Charguia 2"
Ben arous,700.0,130.0,Tunisie-annonce TN,2760224,5.384615384615385,"Tunisie,Ben arous,El Mourouj,El Mourouj"
Banlieue Nord,1450.0,140.0,Tunisie-annonce TN,2776331,10.357142857142858,"Tunisie,Tunis,Carthage,Carthage"
Ben arous,360.0,60.0,Tunisie-annonce TN,2806934,6.0,"Tunisie,Ben arous,El Mourouj,El Mourouj"
Banlieue Nord,870.0,30.0,Tunisie-annonce TN,2775351,29.0,"Tunisie,Tunis,La Marsa,Sidi Daoud"
Ariana,1300.0,500.0,Tunisie-annonce TN,2267759,2.6,"Tunisie,Tunis,El Menzah,El Menzah 9"
Nabeul,1400.0,138.0,Tunisie-annonce TN,2811871,10.144927536231885,"Tunisie,Nabeul,Hammamet,Cite Afh"
Ariana,1200.0,200.0,Tunisie-annonce TN,2764219,6.0,"Tunisie,Ariana,La Soukra,Chotrana 1"
Mannouba,150.0,120.0,Tunisie-annonce TN,2831849,1.25,"Tunisie,Manouba,Oued Ellil,Oued Ellil"
Ben arous,600.0,80.0,Tunisie-annonce TN,2790499,7.5,"Tunisie,Ben arous,Nouvelle Medina,Nouvelle Medina"
Ariana,6500.0,700.0,Tunisie-annonce TN,2814245,9.285714285714286,"Tunisie,Ariana,La Soukra,La Soukra"
Ariana,6000.0,590.0,Tunisie-annonce TN,2773356,10.169491525423728,"Tunisie,Tunis,El Menzah,El Manar 2"
Ariana,700.0,600.0,Tunisie-annonce TN,2808256,1.1666666666666667,"Tunisie,Ariana,La Soukra,La Soukra"
Banlieue Nord,850.0,110.0,Tunisie-annonce TN,2819843,7.7272727272727275,"Tunisie,Tunis,La Marsa,Marsa Safsaf"
Ariana,1000.0,169.0,Tunisie-annonce TN,2776127,5.9171597633136095,"Tunisie,Ariana,Mnihla,Jardins d'el Menzah"
Banlieue Nord,130.0,110.0,Tunisie-annonce TN,2818750,1.1818181818181819,"Tunisie,Tunis,La Marsa,Cite El Khalil"
Banlieue Nord,1550.0,130.0,Tunisie-annonce TN,2768974,11.923076923076923,"Tunisie,Tunis,La Marsa,Berge Du Lac"
Ariana,900.0,150.0,Tunisie-annonce TN,2831840,6.0,"Tunisie,Ariana,Ariana Ville,Cite Ennasr 2"
Ariana,1050.0,120.0,Tunisie-annonce TN,2738272,8.75,"Tunisie,Ariana,Ariana Ville,El Menzah 7"
Ben arous,380.0,90.0,Tunisie-annonce TN,2823294,4.222222222222222,"Tunisie,Ben arous,Nouvelle Medina,Nouvelle Medina"
Banlieue Nord,500.0,40.0,Tunisie-annonce TN,2831857,12.5,"Tunisie,Tunis,Carthage,Salambo"
Tunis,500.0,60.0,Tunisie-annonce TN,2827479,8.333333333333334,"Tunisie,Tunis,Bab Bhar,Bab Bhar"
Tunis,700.0,60.0,Tunisie-annonce TN,2800149,11.666666666666666,"Tunisie,Tunis,Bab Bhar,Republique"
Tunis,1200.0,170.0,Tunisie-annonce TN,2831852,7.0588235294117645,"Tunisie,Tunis,El Omrane,El Omrane"
Sousse,4000.0,1200.0,Tunisie-annonce TN,778519,3.3333333333333335,"Tunisie,Sousse,Hammam Sousse,El Kantaoui"
Tunis,659.0,80.0,Tunisie-annonce TN,2830010,8.2375,"Tunisie,Tunis,Bab Bhar,Bab Bhar"
Nabeul,130.0,70.0,Tunisie-annonce TN,2824729,1.8571428571428572,"Tunisie,Nabeul,Hammamet,Cite Afh"
Mannouba,700.0,120.0,Tunisie-annonce TN,2829539,5.833333333333333,"Tunisie,Manouba,Mannouba,La Mannouba"
Ariana,750.0,70.0,Tunisie-annonce TN,2831874,10.714285714285714,"Tunisie,Ariana,La Soukra,La Soukra"
Banlieue Nord,400.0,60.0,Tunisie-annonce TN,2831870,6.666666666666667,"Tunisie,Tunis,La Goulette,Kheireddine"
Ariana,550.0,60.0,Tunisie-annonce TN,2812869,9.166666666666666,"Tunisie,Ariana,Ariana Ville,El Menzah 8"
Banlieue Nord,350.0,70.0,Tunisie-annonce TN,2827262,5.0,"Tunisie,Tunis,El Kram,Le Kram Est"
Sfax,700.0,100.0,Tunisie-annonce TN,2831868,7.0,"Tunisie,Sfax,Sakiet Eddaier,Sakiet Eddaier"
Ariana,680.0,70.0,Tunisie-annonce TN,2831867,9.714285714285714,"Tunisie,Tunis,El Menzah,El Menzah 9"
Banlieue Nord,400.0,65.0,Tunisie-annonce TN,2831866,6.153846153846154,"Tunisie,Tunis,La Marsa,Cite Aziza"
Ariana,1100.0,140.0,Tunisie-annonce TN,2822318,7.857142857142857,"Tunisie,Ariana,Ariana Ville,Cite Ennasr 1"
Sousse,750.0,100.0,Tunisie-annonce TN,2827130,7.5,"Tunisie,Sousse,Hammam Sousse,Cite De La Plage 1"
Banlieue Nord,250.0,270.0,Tunisie-annonce TN,2786353,0.9259259259259259,"Tunisie,Tunis,La Marsa,Berge Du Lac"
Banlieue Nord,2500.0,100.0,Tunisie-annonce TN,2831883,25.0,"Tunisie,Tunis,Carthage,Sidi Bousaid"
Banlieue Nord,420.0,100.0,Tunisie-annonce TN,2821033,4.2,"Tunisie,Tunis,La Goulette,Kheireddine"
Tunis,900.0,60.0,Tunisie-annonce TN,1886737,15.0,"Tunisie,Tunis,Ain Zaghouan,Ain Zaghouan"
Banlieue Nord,500.0,40.0,Tunisie-annonce TN,2831881,12.5,"Tunisie,Tunis,Carthage,Salambo"
Ariana,2500.0,650.0,Tunisie-annonce TN,2785033,3.8461538461538463,"Tunisie,Ariana,Ariana Ville,El Menzah 6"
Tunis,400.0,87.0,Tunisie-annonce TN,2827092,4.597701149425287,"Tunisie,Tunis,El Kabbaria,Ibn Sina"
Ariana,100.0,50.0,Tunisie-annonce TN,865400,2.0,"Tunisie,Ariana,Ariana Ville,Riadh Landlous"
Mannouba,750.0,115.0,Tunisie-annonce TN,2831877,6.521739130434782,"Tunisie,Manouba,Mannouba,La Mannouba"
Ariana,1500.0,50.0,Tunisie-annonce TN,864880,30.0,"Tunisie,Ariana,Ariana Ville,Riadh Landlous"
Ariana,850.0,130.0,Tunisie-annonce TN,2824914,6.538461538461538,"Tunisie,Ariana,La Soukra,La Soukra"
Tunis,3200.0,187.0,Tunisie-annonce TN,2815935,17.112299465240643,"Tunisie,Tunis,Ain Zaghouan,Ain Zaghouan"
Ariana,500.0,33.0,Tunisie-annonce TN,2826353,15.151515151515152,"Tunisie,Tunis,El Menzah,El Menzah 9"
Banlieue Nord,3000.0,300.0,Tunisie-annonce TN,2802508,10.0,"Tunisie,Tunis,Carthage,Sidi Bousaid"
Jendouba,280.0,50.0,Tunisie-annonce TN,2340374,5.6,"Tunisie,Jendouba,Tabarka,Tabarka"
Banlieue Nord,3000.0,300.0,Tunisie-annonce TN,2815348,10.0,"Tunisie,Tunis,Carthage,Sidi Bousaid"
Ariana,1050.0,140.0,Tunisie-annonce TN,2825342,7.5,"Tunisie,Ariana,Ariana Ville,Cite Ennasr 2"
Cite el khadra,5000.0,440.0,Tunisie-annonce TN,2782097,11.363636363636363,"Tunisie,Tunis,Cite El Khadra,Cite Jardins"
Banlieue Nord,6000.0,180.0,Tunisie-annonce TN,2411054,33.333333333333336,"Tunisie,Tunis,Ain Zaghouan,Jardins de Carthage"
Ariana,1250.0,200.0,Tunisie-annonce TN,2209546,6.25,"Tunisie,Tunis,El Menzah,El Menzah 9"
Ariana,5000.0,300.0,Tunisie-annonce TN,2794256,16.666666666666668,"Tunisie,Ariana,Ariana Ville,Borj El Baccouche"
Sfax,700.0,148.0,Tunisie-annonce TN,2806603,4.72972972972973,"Tunisie,Sfax,Sfax Ville,Sfax"
Mannouba,650.0,160.0,Tunisie-annonce TN,2803141,4.0625,"Tunisie,Manouba,Mannouba,La Mannouba"
Cite el khadra,2000.0,101.0,Tunisie-annonce TN,2779973,19.801980198019802,"Tunisie,Tunis,Cite El Khadra,Zone urbaine nord"
Banlieue Nord,900.0,160.0,Tunisie-annonce TN,2831931,5.625,"Tunisie,Tunis,La Marsa,El Aouina"
Ben arous,470.0,150.0,Tunisie-annonce TN,2707344,3.1333333333333333,"Tunisie,Ben arous,El Mourouj,El Mourouj"
Tunis,420.0,60.0,Tunisie-annonce TN,2831919,7.0,"Tunisie,Tunis,Bab Souika,Bab El Assel"
Ariana,700.0,70.0,Tunisie-annonce TN,2817325,10.0,"Tunisie,Ariana,La Soukra,Chotrana 1"
Ben arous,450.0,100.0,Tunisie-annonce TN,2825227,4.5,"Tunisie,Ben arous,El Mourouj,Residence Type"
Sousse,100.0,80.0,Tunisie-annonce TN,2778861,1.25,"Tunisie,Sousse,Sousse Jaouhara,Sahloul"
Banlieue Nord,2200.0,380.0,Tunisie-annonce TN,2830881,5.7894736842105265,"Tunisie,Tunis,La Marsa,Cite Des Juges 2"
Banlieue Nord,1600.0,150.0,Tunisie-annonce TN,2753362,10.666666666666666,"Tunisie,Tunis,La Marsa,Marsa Ennassim"
Nabeul,800.0,150.0,Tunisie-annonce TN,2828200,5.333333333333333,"Tunisie,Nabeul,Kelibia,Kelibia"
Banlieue Nord,600.0,50.0,Tunisie-annonce TN,2831898,12.0,"Tunisie,Tunis,La Marsa,Cite Erriadh"
Nabeul,900.0,120.0,Tunisie-annonce TN,2595749,7.5,"Tunisie,Nabeul,Kelibia,Dar Allouche"
Ariana,600.0,120.0,Tunisie-annonce TN,2771837,5.0,"Tunisie,Ariana,La Soukra,Borj Louzir"
Banlieue Nord,1750.0,160.0,Tunisie-annonce TN,2816714,10.9375,"Tunisie,Tunis,La Marsa,Berge Du Lac"
Ariana,500.0,50.0,Tunisie-annonce TN,2831895,10.0,"Tunisie,Tunis,El Menzah,El Menzah 9"
Tunis,450.0,100.0,Tunisie-annonce TN,2828204,4.5,"Tunisie,Tunis,Ettahrir,Ettahrir 1"
Tunis,750.0,100.0,Tunisie-annonce TN,2816463,7.5,"Tunisie,Tunis,Ain Zaghouan,Ain Zaghouan"
Nabeul,800.0,140.0,Tunisie-annonce TN,2828196,5.714285714285714,"Tunisie,Nabeul,Kelibia,Kelibia"
Tunis,450.0,50.0,Tunisie-annonce TN,2831891,9.0,"Tunisie,Tunis,Bab Bhar,Bab Bhar"
Ariana,1500.0,40.0,Tunisie-annonce TN,2790133,37.5,"Tunisie,Ariana,Ariana Ville,El Menzah 5"
Ariana,1100.0,160.0,Tunisie-annonce TN,2828269,6.875,"Tunisie,Tunis,El Menzah,El Menzah 9"
Ben arous,440.0,180.0,Tunisie-annonce TN,2814457,2.4444444444444446,"Tunisie,Ben arous,Rades,Village Mediterranee"
Banlieue Nord,1000.0,240.0,Tunisie-annonce TN,2784610,4.166666666666667,"Tunisie,Tunis,La Marsa,Gammart"
Tunis,1200.0,190.0,Tunisie-annonce TN,2779766,6.315789473684211,"Tunisie,Tunis,Ain Zaghouan,Ain Zaghouan"
Banlieue Nord,900.0,60.0,Tunisie-annonce TN,2826847,15.0,"Tunisie,Tunis,La Goulette,Kheireddine"
Sousse,700.0,42.0,Tunisie-annonce TN,2588310,16.666666666666668,"Tunisie,Sousse,Hammam Sousse,El Kantaoui"
Banlieue Nord,680.0,110.0,Tunisie-annonce TN,2831914,6.181818181818182,"Tunisie,Tunis,La Marsa,El Aouina"
Ben arous,600.0,100.0,Tunisie-annonce TN,2826927,6.0,"Tunisie,Ben arous,Ezzahra,Ezzahra"
Monastir,350.0,40.0,Tunisie-annonce TN,2807963,8.75,"Tunisie,Monastir,Monastir,Monastir"
Banlieue Nord,2500.0,500.0,Tunisie-annonce TN,2830872,5.0,"Tunisie,Tunis,La Marsa,Cite El Khalil"
Banlieue Nord,1500.0,190.0,Tunisie-annonce TN,2830867,7.894736842105263,"Tunisie,Tunis,La Marsa,Cite El Khalil"
Nabeul,140.0,130.0,Tunisie-annonce TN,2813704,1.0769230769230769,"Tunisie,Nabeul,Hammamet,Cite Afh"
Nabeul,160.0,105.0,Tunisie-annonce TN,2829439,1.5238095238095237,"Tunisie,Nabeul,Hammamet,Cite Afh"
Sfax,500.0,100.0,Tunisie-annonce TN,2776091,5.0,"Tunisie,Sfax,Sfax Ville,Sfax"
Nabeul,130.0,68.0,Tunisie-annonce TN,2824717,1.911764705882353,"Tunisie,Nabeul,Hammamet,Cite Afh"
Ben arous,550.0,80.0,Tunisie-annonce TN,2751654,6.875,"Tunisie,Ben arous,Nouvelle Medina,Nouvelle Medina"
Banlieue Nord,2800.0,170.0,Tunisie-annonce TN,2813546,16.470588235294116,"Tunisie,Tunis,La Marsa,Marsa Safsaf"
Banlieue Nord,4400.0,217.0,Tunisie-annonce TN,2611392,20.276497695852534,"Tunisie,Tunis,La Marsa,Berge Du Lac"
Mannouba,600.0,120.0,Tunisie-annonce TN,2807353,5.0,"Tunisie,Manouba,Mannouba,La Mannouba"
Banlieue Nord,4000.0,200.0,Tunisie-annonce TN,2434864,20.0,"Tunisie,Tunis,La Marsa,Berge Du Lac"
Sousse,100.0,80.0,Tunisie-annonce TN,2819868,1.25,"Tunisie,Sousse,Sousse Jaouhara,Sahloul"
Banlieue Nord,450.0,10.0,Tunisie-annonce TN,2783544,45.0,"Tunisie,Tunis,La Marsa,Berge Du Lac"
Banlieue Nord,4000.0,280.0,Tunisie-annonce TN,2827140,14.285714285714286,"Tunisie,Tunis,La Marsa,Berge Du Lac"
Banlieue Nord,2200.0,160.0,Tunisie-annonce TN,2743774,13.75,"Tunisie,Tunis,La Marsa,Berge Du Lac"
Banlieue Nord,700.0,80.0,Tunisie-annonce TN,2830552,8.75,"Tunisie,Tunis,La Marsa,El Aouina"
Banlieue Nord,1700.0,100.0,Tunisie-annonce TN,2816231,17.0,"Tunisie,Tunis,La Marsa,Berge Du Lac"
Banlieue Nord,750.0,147.0,Tunisie-annonce TN,2770362,5.1020408163265305,"Tunisie,Tunis,La Marsa,Gammart"
Nabeul,13333.0,2000.0,Tunisie-annonce TN,2417006,6.6665,"Tunisie,Nabeul,Soliman,Cite Nouvelle"
Ariana,650.0,52.0,Tunisie-annonce TN,2821988,12.5,"Tunisie,Ariana,Ariana Ville,Cite Ennasr 2"
Ariana,850.0,130.0,Tunisie-annonce TN,2827510,6.538461538461538,"Tunisie,Ariana,Mnihla,Jardins d'el Menzah"
Monastir,123.0,50.0,Tunisie-annonce TN,2790413,2.46,"Tunisie,Monastir,Monastir,Zone Skanes"
Banlieue Nord,5000.0,500.0,Tunisie-annonce TN,2813412,10.0,"Tunisie,Tunis,La Marsa,Berge Du Lac"
Ariana,1800.0,450.0,Tunisie-annonce TN,2831929,4.0,"Tunisie,Tunis,El Menzah,Mutuelle Ville"
Banlieue Nord,1900.0,134.0,Tunisie-annonce TN,2772000,14.17910447761194,"Tunisie,Tunis,La Marsa,Berge Du Lac"
Ariana,9000.0,1500.0,Tunisie-annonce TN,2804739,6.0,"Tunisie,Ariana,La Soukra,La Soukra"
Banlieue Nord,2500.0,345.0,Tunisie-annonce TN,2828340,7.246376811594203,"Tunisie,Tunis,La Marsa,Marsa Safsaf"
Ariana,600.0,110.0,Tunisie-annonce TN,2831928,5.454545454545454,"Tunisie,Ariana,La Soukra,Borj Louzir"
Banlieue Nord,1800.0,80.0,Tunisie-annonce TN,2742082,22.5,"Tunisie,Tunis,La Marsa,Berge Du Lac"
Sousse,900.0,100.0,Tunisie-annonce TN,2818093,9.0,"Tunisie,Sousse,Sousse Ville,Sousse Corniche"
Sousse,100.0,100.0,Tunisie-annonce TN,2818122,1.0,"Tunisie,Sousse,Sousse Jaouhara,Sousse Khezama"
Banlieue Nord,750.0,150.0,Tunisie-annonce TN,2791672,5.0,"Tunisie,Tunis,La Goulette,Kheireddine"
Tunis,600.0,80.0,Tunisie-annonce TN,2831942,7.5,"Tunisie,Tunis,Bab Bhar,Bab Bhar"
Mannouba,900.0,270.0,Tunisie-annonce TN,2817075,3.3333333333333335,"Tunisie,Manouba,Mannouba,La Mannouba"
Tunis,600.0,150.0,Tunisie-annonce TN,2825644,4.0,"Tunisie,Tunis,Ettahrir,Ettahrir 1"
Cite el khadra,1500.0,65.0,Tunisie-annonce TN,2199930,23.076923076923077,"Tunisie,Tunis,Cite El Khadra,Zone urbaine nord"
Monastir,670.0,120.0,Tunisie-annonce TN,2829457,5.583333333333333,"Tunisie,Monastir,Monastir,Monastir"
Ariana,900.0,160.0,Tunisie-annonce TN,2816782,5.625,"Tunisie,Ariana,Ariana Ville,Cite Ennasr 2"
Ariana,1000.0,100.0,Tunisie-annonce TN,2811575,10.0,"Tunisie,Tunis,El Menzah,Mutuelle Ville"
Banlieue Nord,1600.0,73.0,Tunisie-annonce TN,2754142,21.91780821917808,"Tunisie,Tunis,Ain Zaghouan,Jardins de Carthage"
Ariana,650.0,65.0,Tunisie-annonce TN,2821940,10.0,"Tunisie,Ariana,Ariana Ville,Cite Ennasr 2"
Ben arous,220.0,40.0,Tunisie-annonce TN,2791053,5.5,"Tunisie,Ben arous,Nouvelle Medina,Nouvelle Medina"
Ariana,680.0,130.0,Tunisie-annonce TN,2775303,5.230769230769231,"Tunisie,Ariana,La Soukra,La Soukra"
Ariana,900.0,130.0,Tunisie-annonce TN,2796016,6.923076923076923,"Tunisie,Ariana,Ariana Ville,Cite Ennasr 1"
Ariana,700.0,88.0,Tunisie-annonce TN,2825148,7.954545454545454,"Tunisie,Tunis,El Menzah,El Manar 1"
Sousse,140.0,42.0,Tunisie-annonce TN,2613966,3.3333333333333335,"Tunisie,Sousse,Hammam Sousse,El Kantaoui"
Banlieue Nord,1350.0,200.0,Tunisie-annonce TN,2721229,6.75,"Tunisie,Tunis,La Marsa,Berge Du Lac"
Nabeul,120.0,100.0,Tunisie-annonce TN,2829572,1.2,"Tunisie,Nabeul,Hammamet,Cite Afh"
Ariana,430.0,60.0,Tunisie-annonce TN,2797878,7.166666666666667,"Tunisie,Ariana,Ariana Ville,Ariana"
Ben arous,430.0,70.0,Tunisie-annonce TN,2790776,6.142857142857143,"Tunisie,Ben arous,Nouvelle Medina,Nouvelle Medina"
Nabeul,500.0,100.0,Tunisie-annonce TN,2811281,5.0,"Tunisie,Nabeul,Hammamet,Zone Hoteliere"
Ariana,1500.0,400.0,Tunisie-annonce TN,2778958,3.75,"Tunisie,Tunis,El Menzah,El Menzah 9"
Sousse,500.0,100.0,Tunisie-annonce TN,2812688,5.0,"Tunisie,Sousse,Sousse Jaouhara,Sousse Khezama"
Cite el khadra,500.0,88.0,Tunisie-annonce TN,2826361,5.681818181818182,"Tunisie,Tunis,Cite El Khadra,Kheireddine Pacha"
Banlieue Nord,1000.0,200.0,Tunisie-annonce TN,2831945,5.0,"Tunisie,Tunis,La Marsa,El Aouina"
Nabeul,420.0,100.0,Tunisie-annonce TN,2826722,4.2,"Tunisie,Nabeul,Hammamet,Hammamet"
Tunis,1300.0,120.0,Tunisie-annonce TN,2814965,10.833333333333334,"Tunisie,Tunis,Ain Zaghouan,Ain Zaghouan"
Ariana,650.0,50.0,Tunisie-annonce TN,2800818,13.0,"Tunisie,Ariana,Ariana Ville,El Menzah 6"
Bizerte,350.0,200.0,Tunisie-annonce TN,2485379,1.75,"Tunisie,Bizerte,Bizerte Nord,Bizerte"
Ariana,1700.0,165.0,Tunisie-annonce TN,2819492,10.303030303030303,"Tunisie,Ariana,La Soukra,La Soukra"
Ben arous,1200.0,100.0,Tunisie-annonce TN,2675711,12.0,"Tunisie,Ben arous,Megrine,Saint Gobin"
Tunis,950.0,160.0,Tunisie-annonce TN,2823271,5.9375,"Tunisie,Tunis,Ain Zaghouan,Ain Zaghouan"
Ariana,1250.0,210.0,Tunisie-annonce TN,2824029,5.9523809523809526,"Tunisie,Ariana,Ariana Ville,Cite Ennasr 2"
Ariana,1300.0,150.0,Tunisie-annonce TN,2824222,8.666666666666666,"Tunisie,Tunis,El Menzah,El Manar 1"
Banlieue Nord,2000.0,300.0,Tunisie-annonce TN,2831951,6.666666666666667,"Tunisie,Tunis,La Marsa,Cite El Moustakbel (La Marsa)"
Banlieue Nord,1500.0,100.0,Tunisie-annonce TN,2830943,15.0,"Tunisie,Tunis,La Marsa,Cite Du Stade"
Ben arous,500.0,80.0,Tunisie-annonce TN,2823791,6.25,"Tunisie,Ben arous,El Mourouj,El Mourouj"
Banlieue Nord,1150.0,110.0,Tunisie-annonce TN,2825872,10.454545454545455,"Tunisie,Tunis,La Marsa,El Aouina"
Sfax,470.0,61.0,Tunisie-annonce TN,2816362,7.704918032786885,"Tunisie,Sfax,Sfax Ville,Sfax El Jadida"
Ariana,750.0,128.0,Tunisie-annonce TN,2818517,5.859375,"Tunisie,Tunis,El Menzah,El Menzah 9"
Banlieue Nord,3000.0,180.0,Tunisie-annonce TN,2831962,16.666666666666668,"Tunisie,Tunis,La Marsa,Berge Du Lac"
Sfax,650.0,60.0,Tunisie-annonce TN,2765185,10.833333333333334,"Tunisie,Sfax,Sfax Ville,Sfax"
Nabeul,110.0,75.0,Tunisie-annonce TN,2829668,1.4666666666666666,"Tunisie,Nabeul,Hammamet,Cite Afh"
Nabeul,100.0,65.0,Tunisie-annonce TN,2829617,1.5384615384615385,"Tunisie,Nabeul,Hammamet,Cite Afh"
Mannouba,950.0,40.0,Tunisie-annonce TN,2804232,23.75,"Tunisie,Manouba,Mannouba,La Mannouba"
Nabeul,700.0,49.0,Tunisie-annonce TN,2785179,14.285714285714286,"Tunisie,Nabeul,Hammamet,Hammamet"
Ariana,700.0,55.0,Tunisie-annonce TN,2831972,12.727272727272727,"Tunisie,Ariana,Ariana Ville,Cite Ennasr 2"
Banlieue Nord,3325.0,210.0,Tunisie-annonce TN,2779505,15.833333333333334,"Tunisie,Tunis,La Marsa,Berge Du Lac"
Ariana,360.0,30.0,Tunisie-annonce TN,2809157,12.0,"Tunisie,Tunis,El Menzah,El Manar 2"
Ben arous,625.0,110.0,Tunisie-annonce TN,2821917,5.681818181818182,"Tunisie,Ben arous,Bou Mhel El Bassatine,Bou Mhel"
Ariana,420.0,104.0,Tunisie-annonce TN,2808540,4.038461538461538,"Tunisie,Ariana,Raoued,Cite Ennour Jaafar"
Banlieue Nord,1500.0,95.0,Tunisie-annonce TN,2824502,15.789473684210526,"Tunisie,Tunis,La Marsa,Sidi Daoud"
Banlieue Nord,1500.0,160.0,Tunisie-annonce TN,2801564,9.375,"Tunisie,Tunis,La Marsa,Marsa Erriadh"
Banlieue Nord,350.0,30.0,Tunisie-annonce TN,2796868,11.666666666666666,"Tunisie,Tunis,El Kram,Le Kram"
Banlieue Nord,2000.0,70.0,Tunisie-annonce TN,2791666,28.571428571428573,"Tunisie,Tunis,El Kram,Le Kram"
Ben arous,500.0,120.0,Tunisie-annonce TN,2815885,4.166666666666667,"Tunisie,Ben arous,Bou Mhel El Bassatine,Bou Mhel"
Banlieue Nord,3500.0,550.0,Tunisie-annonce TN,2762088,6.363636363636363,"Tunisie,Tunis,La Marsa,Cite El Moez"
Ben arous,650.0,110.0,Tunisie-annonce TN,2788863,5.909090909090909,"Tunisie,Ben arous,Nouvelle Medina,Nouvelle Medina"
Cite el khadra,650.0,130.0,Tunisie-annonce TN,2826323,5.0,"Tunisie,Tunis,Cite El Khadra,Cite El Khadra"
Banlieue Nord,2800.0,250.0,Tunisie-annonce TN,2773780,11.2,"Tunisie,Tunis,La Marsa,Berge Du Lac"
Sousse,1200.0,118.0,Tunisie-annonce TN,2264414,10.169491525423728,"Tunisie,Sousse,Hammam Sousse,Hammam Sousse"
Banlieue Nord,3700.0,500.0,Tunisie-annonce TN,2796686,7.4,"Tunisie,Tunis,Ain Zaghouan,Jardins de Carthage"
Tunis,800.0,150.0,Tunisie-annonce TN,2802166,5.333333333333333,"Tunisie,Tunis,Bab Bhar,Bab Bhar"
Ben arous,700.0,110.0,Tunisie-annonce TN,2777879,6.363636363636363,"Tunisie,Ben arous,Hammam Chatt,Borj Cedria"
Bardo,300.0,25.0,Tunisie-annonce TN,2812827,12.0,"Tunisie,Tunis,Le Bardo,Le Bardo"
Banlieue Nord,2500.0,313.0,Tunisie-annonce TN,2775712,7.987220447284345,"Tunisie,Tunis,La Marsa,El Aouina"
Banlieue Nord,940.0,140.0,Tunisie-annonce TN,2831980,6.714285714285714,"Tunisie,Tunis,La Marsa,El Aouina"
Nabeul,110.0,66.0,Tunisie-annonce TN,2829699,1.6666666666666667,"Tunisie,Nabeul,Hammamet,Cite Afh"
Banlieue Nord,1200.0,160.0,Tunisie-annonce TN,2831992,7.5,"Tunisie,Tunis,La Marsa,El Aouina"
Tunis,1200.0,190.0,Tunisie-annonce TN,2788329,6.315789473684211,"Tunisie,Tunis,Ain Zaghouan,Ain Zaghouan"
Ariana,800.0,100.0,Tunisie-annonce TN,2804933,8.0,"Tunisie,Ariana,Ariana Ville,Cite Ennasr 2"
Tunis,1400.0,65.0,Tunisie-annonce TN,2779907,21.53846153846154,"Tunisie,Tunis,Ain Zaghouan,Ain Zaghouan"
Ben arous,650.0,90.0,Tunisie-annonce TN,2765533,7.222222222222222,"Tunisie,Ben arous,Nouvelle Medina,Nouvelle Medina"
Ariana,1300.0,150.0,Tunisie-annonce TN,2791312,8.666666666666666,"Tunisie,Ariana,Ariana Ville,Cite Ennasr 2"
Cite el khadra,1200.0,130.0,Tunisie-annonce TN,2830998,9.23076923076923,"Tunisie,Tunis,Cite El Khadra,Zone urbaine nord"
Ariana,900.0,120.0,Tunisie-annonce TN,2811802,7.5,"Tunisie,Ariana,Mnihla,Cite Ennasr"
Ariana,770.0,110.0,Tunisie-annonce TN,2817644,7.0,"Tunisie,Tunis,El Menzah,El Menzah 9"
Ben arous,1000.0,110.0,Tunisie-annonce TN,2780677,9.090909090909092,"Tunisie,Ben arous,Ezzahra,Ezzahra"
Ariana,1500.0,140.0,Tunisie-annonce TN,2512717,10.714285714285714,"Tunisie,Ariana,Ariana Ville,Cite Ennasr 2"
Tunis,3800.0,420.0,Tunisie-annonce TN,2818321,9.047619047619047,"Tunisie,Tunis,Ain Zaghouan,Ain Zaghouan"
Ariana,1700.0,450.0,Tunisie-annonce TN,2826808,3.7777777777777777,"Tunisie,Ariana,La Soukra,Dar Fadhal"
Banlieue Nord,1250.0,140.0,Tunisie-annonce TN,2814205,8.928571428571429,"Tunisie,Tunis,La Marsa,Berge Du Lac"
Sousse,1300.0,140.0,Tunisie-annonce TN,2818128,9.285714285714286,"Tunisie,Sousse,Sousse Jaouhara,Sahloul"
Ariana,100.0,70.0,Tunisie-annonce TN,1225777,1.4285714285714286,"Tunisie,Ariana,Ariana Ville,Cite Ennasr 1"
Banlieue Nord,1060.0,130.0,Tunisie-annonce TN,2830947,8.153846153846153,"Tunisie,Tunis,La Marsa,Cite Erriadh"
Nabeul,3500.0,500.0,Tunisie-annonce TN,2799318,7.0,"Tunisie,Nabeul,Hammamet,Hammamet"
Ben arous,1300.0,140.0,Tunisie-annonce TN,2829349,9.285714285714286,"Tunisie,Ben arous,Megrine,Megrine"
Ben arous,550.0,80.0,Tunisie-annonce TN,2823239,6.875,"Tunisie,Ben arous,Bou Mhel El Bassatine,Bou Mhel"
Banlieue Nord,2300.0,120.0,Tunisie-annonce TN,2832006,19.166666666666668,"Tunisie,Tunis,La Marsa,Berge Du Lac"
Ariana,370.0,140.0,Tunisie-annonce TN,2832005,2.642857142857143,"Tunisie,Ariana,Raoued,Jaafar 2"
Ariana,340.0,75.0,Tunisie-annonce TN,2822485,4.533333333333333,"Tunisie,Ariana,La Soukra,Dar Fadhal"
Nabeul,99.0,60.0,Tunisie-annonce TN,2791084,1.65,"Tunisie,Nabeul,Kelibia,Kelibia"
Ben arous,600.0,150.0,Tunisie-annonce TN,2823209,4.0,"Tunisie,Ben arous,Bou Mhel El Bassatine,Bou Mhel"
Ben arous,380.0,90.0,Tunisie-annonce TN,2775687,4.222222222222222,"Tunisie,Ben arous,El Mourouj,El Mourouj"
Bardo,350.0,75.0,Tunisie-annonce TN,2832004,4.666666666666667,"Tunisie,Tunis,Le Bardo,Le Bardo"
Banlieue Nord,850.0,100.0,Tunisie-annonce TN,2767361,8.5,"Tunisie,Tunis,La Marsa,Cite Erriadh"
Ben arous,550.0,120.0,Tunisie-annonce TN,2798987,4.583333333333333,"Tunisie,Ben arous,El Mourouj,El Mourouj"
Nabeul,120.0,100.0,Tunisie-annonce TN,2830382,1.2,"Tunisie,Nabeul,Hammamet,Cite Afh"
Ben arous,650.0,130.0,Tunisie-annonce TN,2825770,5.0,"Tunisie,Ben arous,Bou Mhel El Bassatine,Bou Mhel"
Sousse,1500.0,160.0,Tunisie-annonce TN,2831999,9.375,"Tunisie,Sousse,Hammam Sousse,Hammam Sousse"
Tunis,700.0,120.0,Tunisie-annonce TN,2829226,5.833333333333333,"Tunisie,Tunis,Ain Zaghouan,Ain Zaghouan"
Banlieue Nord,800.0,150.0,Tunisie-annonce TN,2831998,5.333333333333333,"Tunisie,Tunis,La Marsa,El Aouina"
Tunis,750.0,100.0,Tunisie-annonce TN,2830263,7.5,"Tunisie,Tunis,Ain Zaghouan,Ain Zaghouan"
Sousse,520.0,150.0,Tunisie-annonce TN,2823802,3.466666666666667,"Tunisie,Sousse,Sousse Ville,Cite Boukhzar"
Banlieue Nord,2500.0,230.0,Tunisie-annonce TN,2705938,10.869565217391305,"Tunisie,Tunis,La Marsa,Berge Du Lac"
Ben arous,420.0,90.0,Tunisie-annonce TN,2832030,4.666666666666667,"Tunisie,Ben arous,Bou Mhel El Bassatine,Bou Mhel"
Nabeul,525.0,50.0,Tunisie-annonce TN,2811302,10.5,"Tunisie,Nabeul,Beni Khiar,Beni Khiar"
Banlieue Nord,2500.0,500.0,Tunisie-annonce TN,2821015,5.0,"Tunisie,Tunis,La Marsa,Marsa Safsaf"
Nabeul,120.0,70.0,Tunisie-annonce TN,2824985,1.7142857142857142,"Tunisie,Nabeul,Hammamet,Cite Afh"
Banlieue Nord,1350.0,110.0,Tunisie-annonce TN,2831262,12.272727272727273,"Tunisie,Tunis,El Kram,Le Kram"
Nabeul,210.0,135.0,Tunisie-annonce TN,2820225,1.5555555555555556,"Tunisie,Nabeul,Hammamet,Cite Afh"
Banlieue Nord,650.0,150.0,Tunisie-annonce TN,2792181,4.333333333333333,"Tunisie,Tunis,El Kram,Le Kram"
Sousse,550.0,110.0,Tunisie-annonce TN,2832024,5.0,"Tunisie,Sousse,Hammam Sousse,El Kantaoui"
Banlieue Nord,1600.0,180.0,Tunisie-annonce TN,2721971,8.88888888888889,"Tunisie,Tunis,La Marsa,El Aouina"
Banlieue Nord,700.0,65.0,Tunisie-annonce TN,2818688,10.76923076923077,"Tunisie,Tunis,La Goulette,Casino La Goulette"
Sousse,1200.0,50.0,Tunisie-annonce TN,2804460,24.0,"Tunisie,Sousse,Akouda,Chatt Meriem"
Nabeul,200.0,40.0,Tunisie-annonce TN,2505421,5.0,"Tunisie,Nabeul,Kelibia,Kelibia"
Ben arous,500.0,150.0,Tunisie-annonce TN,2829565,3.3333333333333335,"Tunisie,Ben arous,El Mourouj,El Mourouj"
Sousse,600.0,40.0,Tunisie-annonce TN,383477,15.0,"Tunisie,Sousse,Akouda,Chatt Meriem"
Sfax,430.0,140.0,Tunisie-annonce TN,2828986,3.0714285714285716,"Tunisie,Sfax,Sakiet Ezzit,Merkez Bouacida"
Banlieue Nord,1000.0,120.0,Tunisie-annonce TN,2830956,8.333333333333334,"Tunisie,Tunis,La Marsa,Marsa Erriadh"
Ariana,1500.0,450.0,Tunisie-annonce TN,2832039,3.3333333333333335,"Tunisie,Tunis,El Menzah,Mutuelle Ville"
Bizerte,350.0,50.0,Tunisie-annonce TN,2827466,7.0,"Tunisie,Bizerte,Bizerte Nord,Bizerte"
Banlieue Nord,2200.0,160.0,Tunisie-annonce TN,2804991,13.75,"Tunisie,Tunis,La Marsa,Berge Du Lac"
Ariana,8900.0,2700.0,Tunisie-annonce TN,2802568,3.2962962962962963,"Tunisie,Ariana,La Soukra,La Soukra"
Sousse,650.0,180.0,Tunisie-annonce TN,2768212,3.611111111111111,"Tunisie,Sousse,Hammam Sousse,Cite De La Plage 1"
Ben arous,1100.0,150.0,Tunisie-annonce TN,2780761,7.333333333333333,"Tunisie,Ben arous,Bou Mhel El Bassatine,Cite Plein Air"
Tunis,2700.0,238.0,Tunisie-annonce TN,2819204,11.344537815126051,"Tunisie,Tunis,Ain Zaghouan,Ain Zaghouan"
Tunis,700.0,40.0,Tunisie-annonce TN,2827495,17.5,"Tunisie,Tunis,Ain Zaghouan,Ain Zaghouan"
Banlieue Nord,2000.0,133.0,Tunisie-annonce TN,2780873,15.037593984962406,"Tunisie,Tunis,La Marsa,Berge Du Lac"
Tunis,800.0,123.0,Tunisie-annonce TN,2827500,6.504065040650406,"Tunisie,Tunis,Ain Zaghouan,Ain Zaghouan"
Mannouba,250.0,170.0,Tunisie-annonce TN,2804025,1.4705882352941178,"Tunisie,Manouba,Mannouba,La Mannouba"
Nabeul,800.0,76.0,Tunisie-annonce TN,2671550,10.526315789473685,"Tunisie,Nabeul,Nabeul,Cite El Mahrsi 1"
Ben arous,500.0,200.0,Tunisie-annonce TN,2828416,2.5,"Tunisie,Ben arous,El Mourouj,Cite Ennarjes 1"
Banlieue Nord,1200.0,230.0,Tunisie-annonce TN,2832037,5.217391304347826,"Tunisie,Tunis,La Marsa,El Aouina"
Banlieue Nord,800.0,100.0,Tunisie-annonce TN,2830978,8.0,"Tunisie,Tunis,Carthage,Cite Mohamed Ali"
Tunis,1200.0,100.0,Tunisie-annonce TN,2810522,12.0,"Tunisie,Tunis,Ain Zaghouan,Ain Zaghouan"
Banlieue Nord,950.0,75.0,Tunisie-annonce TN,2821459,12.666666666666666,"Tunisie,Tunis,La Marsa,Cite El Khalil"
Tunis,700.0,70.0,Tunisie-annonce TN,2802780,10.0,"Tunisie,Tunis,El Omrane,El Omrane"
Banlieue Nord,1200.0,350.0,Tunisie-annonce TN,2819872,3.4285714285714284,"Tunisie,Tunis,La Marsa,Cite Du Stade"
Ariana,1100.0,200.0,Tunisie-annonce TN,2757481,5.5,"Tunisie,Ariana,Ariana Ville,El Menzah 6"
Cite el khadra,1200.0,140.0,Tunisie-annonce TN,2779327,8.571428571428571,"Tunisie,Tunis,Cite El Khadra,Cite El Khadra"
Banlieue Nord,8000.0,750.0,Tunisie-annonce TN,2653870,10.666666666666666,"Tunisie,Tunis,Carthage,Salambo"
Ariana,1500.0,100.0,Tunisie-annonce TN,2512726,15.0,"Tunisie,Ariana,Ariana Ville,Cite Ennasr 1"
Banlieue Nord,2200.0,180.0,Tunisie-annonce TN,2832045,12.222222222222221,"Tunisie,Tunis,La Marsa,Berge Du Lac"
Banlieue Nord,6000.0,1000.0,Tunisie-annonce TN,2796685,6.0,"Tunisie,Tunis,Ain Zaghouan,Jardins de Carthage"
Ben arous,1200.0,500.0,Tunisie-annonce TN,2797235,2.4,"Tunisie,Ben arous,Ezzahra,Ezzahra"
Ariana,1200.0,110.0,Tunisie-annonce TN,2815195,10.909090909090908,"Tunisie,Ariana,La Soukra,La Soukra"
Bardo,4000.0,900.0,Tunisie-annonce TN,2118640,4.444444444444445,"Tunisie,Tunis,Le Bardo,Ksar Said"
Banlieue Nord,2700.0,170.0,Tunisie-annonce TN,2815974,15.882352941176471,"Tunisie,Tunis,La Marsa,Berge Du Lac"
Ben arous,625.0,100.0,Tunisie-annonce TN,2832051,6.25,"Tunisie,Ben arous,Bou Mhel El Bassatine,Bou Mhel"
Tunis,450.0,110.0,Tunisie-annonce TN,2816811,4.090909090909091,"Tunisie,Tunis,Sidi El Bechir,Sidi El Bechir"
Tunis,1400.0,140.0,Tunisie-annonce TN,2753815,10.0,"Tunisie,Tunis,Ain Zaghouan,Ain Zaghouan"
Banlieue Nord,2600.0,130.0,Tunisie-annonce TN,2832049,20.0,"Tunisie,Tunis,Carthage,Sidi Bousaid"
Banlieue Nord,850.0,130.0,Tunisie-annonce TN,2826282,6.538461538461538,"Tunisie,Tunis,La Marsa,El Aouina"
Banlieue Nord,950.0,130.0,Tunisie-annonce TN,2825510,7.3076923076923075,"Tunisie,Tunis,La Marsa,El Aouina"
Banlieue Nord,950.0,75.0,Tunisie-annonce TN,2824996,12.666666666666666,"Tunisie,Tunis,Ain Zaghouan,Jardins de Carthage"
Ariana,650.0,110.0,Tunisie-annonce TN,2832057,5.909090909090909,"Tunisie,Ariana,Mnihla,Jardins d'el Menzah"
Tunis,1200.0,200.0,Tunisie-annonce TN,2771316,6.0,"Tunisie,Tunis,Ain Zaghouan,Ain Zaghouan"
Banlieue Nord,950.0,120.0,Tunisie-annonce TN,2832056,7.916666666666667,"Tunisie,Tunis,La Marsa,El Aouina"
Nabeul,130.0,69.0,Tunisie-annonce TN,2820239,1.8840579710144927,"Tunisie,Nabeul,Hammamet,Cite Afh"
Sfax,580.0,10546.0,Tunisie-annonce TN,2802235,0.05499715531955244,"Tunisie,Sfax,Sfax Ville,Sfax"
Banlieue Nord,1500.0,120.0,Tunisie-annonce TN,2830988,12.5,"Tunisie,Tunis,Carthage,Amilcar"
Ben arous,500.0,150.0,Tunisie-annonce TN,2832053,3.3333333333333335,"Tunisie,Ben arous,El Mourouj,El Mourouj"
Banlieue Nord,1200.0,90.0,Tunisie-annonce TN,2815849,13.333333333333334,"Tunisie,Tunis,La Marsa,Berge Du Lac"
Banlieue Nord,3400.0,180.0,Tunisie-annonce TN,2832060,18.88888888888889,"Tunisie,Tunis,La Marsa,Berge Du Lac"
